{"type":"FeatureCollection","features":[{"type":"Feature","properties":{"i":0,"geoid":"240037301011"},"geometry":{"type":"Polygon","coordinates":[[[-76.568977,39.155233],[-76.56898,39.156896],[-76.565842,39.160159],[-76.562768,39.164276],[-76.560556,39.163844],[-76.558327,39.160479],[-76.556754,39.159506],[-76.552549,39.160369],[-76.551152,39.161922],[-76.550615,39.163925],[-76.547076,39.163243],[-76.54125,39.163949],[-76.537415,39.163253],[-76.534459,39.162286],[-76.530735,39.162398],[-76.526449,39.16141],[-76.528376,39.159153],[-76.531615,39.157168],[-76.532053,39.155917],[-76.536437,39.153734],[-76.539071,39.151785],[-76.541666,39.150900],[-76.546992,39.150217],[-76.548888,39.147837],[-76.549989,39.146931],[-76.555491,39.145802],[-76.558352,39.143810],[-76.564378,39.143986],[-76.567506,39.142010],[-76.568809,39.143759],[-76.569457,39.149741],[-76.569903,39.151991],[-76.568977,39.155233]]]}},{"type":"Feature","properties":{"i":1,"geoid":"240037301021"},"geometry":{"type":"Polygon","coordinates":[[[-76.584974,39.17188],[-76.583188,39.177408],[-76.581588,39.180108],[-76.576588,39.186909],[-76.573487,39.193509],[-76.580287,39.206606],[-76.577295,39.205586],[-76.571114,39.20382],[-76.567396,39.202117],[-76.563786,39.201406],[-76.555173,39.198871],[-76.550086,39.197206],[-76.533073,39.207647],[-76.535385,39.203808],[-76.533797,39.202791],[-76.532131,39.202225],[-76.530875,39.200979],[-76.527859,39.195519],[-76.528238,39.194333],[-76.533817,39.193195],[-76.533406,39.190413],[-76.529956,39.186978],[-76.528024,39.184358],[-76.52612,39.181003],[-76.525785,39.177908],[-76.523029,39.176506],[-76.523121,39.175893],[-76.529243,39.172273],[-76.531024,39.172967],[-76.536514,39.172357],[-76.530454,39.167737],[-76.527325,39.164545],[-76.524819,39.162998],[-76.526449,39.16141],[-76.530735,39.162398],[-76.534459,39.162286],[-76.537415,39.163253],[-76.54125,39.163949],[-76.547076,39.163243],[-76.550615,39.163925],[-76.551152,39.161922],[-76.552549,39.160369],[-76.556754,39.159506],[-76.558327,39.160479],[-76.560556,39.163844],[-76.562768,39.164276],[-76.558071,39.167582],[-76.554841,39.171146],[-76.551579,39.177103],[-76.555475,39.177948],[-76.559711,39.177091],[-76.563228,39.177723],[-76.564215,39.178726],[-76.575849,39.168938],[-76.578283,39.165543],[-76.580465,39.156950],[-76.581275,39.154973],[-76.583425,39.156226],[-76.585048,39.158351],[-76.584803,39.158971],[-76.58611,39.162408],[-76.589096,39.164747],[-76.586788,39.167709],[-76.584974,39.17188]]]}},{"type":"Feature","properties":{"i":2,"geoid":"240037301022"},"geometry":{"type":"Polygon","coordinates":[[[-76.529243,39.172273],[-76.523121,39.175893],[-76.523029,39.176506],[-76.519149,39.174532],[-76.517677,39.173225],[-76.514781,39.172829],[-76.514945,39.169987],[-76.518974,39.169287],[-76.520618,39.168312],[-76.522129,39.165484],[-76.524819,39.162998],[-76.527325,39.164545],[-76.530454,39.167737],[-76.536514,39.172357],[-76.531024,39.172967],[-76.529243,39.172273]]]}},{"type":"Feature","properties":{"i":3,"geoid":"240037301023"},"geometry":{"type":"Polygon","coordinates":[[[-76.578283,39.165543],[-76.575849,39.168938],[-76.564215,39.178726],[-76.563228,39.177723],[-76.559711,39.177091],[-76.555475,39.177948],[-76.551579,39.177103],[-76.554841,39.171146],[-76.558071,39.167582],[-76.562768,39.164276],[-76.565842,39.160159],[-76.56898,39.156896],[-76.568977,39.155233],[-76.573773,39.155379],[-76.57388,39.156784],[-76.57872,39.153221],[-76.581275,39.154973],[-76.580465,39.156950],[-76.578283,39.165543]]]}},{"type":"Feature","properties":{"i":4,"geoid":"240037302041"},"geometry":{"type":"Polygon","coordinates":[[[-76.59001,39.15244],[-76.59088,39.155352],[-76.584803,39.158971],[-76.585048,39.158351],[-76.583425,39.156226],[-76.581275,39.154973],[-76.57872,39.153221],[-76.57388,39.156784],[-76.573773,39.155379],[-76.568977,39.155233],[-76.569903,39.151991],[-76.569457,39.149741],[-76.574311,39.148742],[-76.575613,39.149868],[-76.57896,39.148427],[-76.575814,39.141764],[-76.580136,39.138244],[-76.578153,39.136430],[-76.578258,39.135096],[-76.581696,39.135802],[-76.584781,39.140485],[-76.587252,39.142010],[-76.585536,39.142717],[-76.588495,39.145757],[-76.589553,39.14716],[-76.592105,39.151567],[-76.59001,39.15244]]]}},{"type":"Feature","properties":{"i":5,"geoid":"240037302042"},"geometry":{"type":"Polygon","coordinates":[[[-76.588495,39.145757],[-76.585536,39.142717],[-76.587252,39.142010],[-76.584781,39.140485],[-76.581696,39.135802],[-76.578258,39.135096],[-76.579227,39.133306],[-76.584517,39.134095],[-76.590483,39.144025],[-76.588495,39.145757]]]}},{"type":"Feature","properties":{"i":6,"geoid":"240037302043"},"geometry":{"type":"Polygon","coordinates":[[[-76.575814,39.141764],[-76.570217,39.138015],[-76.568712,39.134641],[-76.566081,39.134037],[-76.564344,39.132436],[-76.564346,39.132015],[-76.564855,39.13161],[-76.572052,39.131781],[-76.579227,39.133306],[-76.578258,39.135096],[-76.578153,39.136430],[-76.580136,39.138244],[-76.575814,39.141764]]]}},{"type":"Feature","properties":{"i":7,"geoid":"240037302044"},"geometry":{"type":"Polygon","coordinates":[[[-76.575613,39.149868],[-76.574311,39.148742],[-76.569457,39.149741],[-76.568809,39.143759],[-76.564564,39.138385],[-76.563539,39.134824],[-76.563196,39.131292],[-76.564855,39.13161],[-76.564346,39.132015],[-76.564344,39.132436],[-76.566081,39.134037],[-76.568712,39.134641],[-76.570217,39.138015],[-76.575814,39.141764],[-76.57896,39.148427],[-76.575613,39.149868]]]}},{"type":"Feature","properties":{"i":8,"geoid":"240037302051"},"geometry":{"type":"Polygon","coordinates":[[[-76.591375,39.139592],[-76.588572,39.140838],[-76.584517,39.134095],[-76.588758,39.134698],[-76.595165,39.140225],[-76.594367,39.140801],[-76.591375,39.139592]]]}},{"type":"Feature","properties":{"i":9,"geoid":"240037302052"},"geometry":{"type":"Polygon","coordinates":[[[-76.599143,39.144316],[-76.598285,39.142874],[-76.588758,39.134698],[-76.597334,39.136037],[-76.598687,39.136707],[-76.60029,39.137938],[-76.602835,39.140753],[-76.601097,39.142657],[-76.599143,39.144316]]]}},{"type":"Feature","properties":{"i":10,"geoid":"240037302061"},"geometry":{"type":"Polygon","coordinates":[[[-76.595201,39.159831],[-76.591236,39.161752],[-76.589096,39.164747],[-76.58611,39.162408],[-76.584803,39.158971],[-76.59088,39.155352],[-76.59001,39.15244],[-76.592105,39.151567],[-76.589553,39.14716],[-76.588495,39.145757],[-76.590483,39.144025],[-76.595401,39.151821],[-76.598791,39.155074],[-76.598973,39.156031],[-76.595201,39.159831]]]}},{"type":"Feature","properties":{"i":11,"geoid":"240037302062"},"geometry":{"type":"Polygon","coordinates":[[[-76.590483,39.144025],[-76.588572,39.140838],[-76.591375,39.139592],[-76.594367,39.140801],[-76.590483,39.144025]]]}},{"type":"Feature","properties":{"i":12,"geoid":"240037302063"},"geometry":{"type":"Polygon","coordinates":[[[-76.595867,39.146879],[-76.592911,39.147961],[-76.590483,39.144025],[-76.595165,39.140225],[-76.598285,39.142874],[-76.599143,39.144316],[-76.595867,39.146879]]]}},{"type":"Feature","properties":{"i":13,"geoid":"240037303001"},"geometry":{"type":"Polygon","coordinates":[[[-76.611647,39.159117],[-76.607023,39.157201],[-76.602863,39.157452],[-76.600293,39.156194],[-76.598791,39.155074],[-76.595401,39.151821],[-76.592911,39.147961],[-76.595867,39.146879],[-76.601097,39.142657],[-76.602835,39.140753],[-76.608186,39.146672],[-76.604844,39.150250],[-76.609026,39.152201],[-76.610814,39.152306],[-76.610424,39.155503],[-76.612281,39.155758],[-76.61309,39.158208],[-76.611647,39.159117]]]}},{"type":"Feature","properties":{"i":14,"geoid":"240037303002"},"geometry":{"type":"Polygon","coordinates":[[[-76.61309,39.158208],[-76.612281,39.155758],[-76.610424,39.155503],[-76.610814,39.152306],[-76.609026,39.152201],[-76.604844,39.150250],[-76.608186,39.146672],[-76.618109,39.157675],[-76.617018,39.156716],[-76.61309,39.158208]]]}},{"type":"Feature","properties":{"i":15,"geoid":"240037304011"},"geometry":{"type":"Polygon","coordinates":[[[-76.629009,39.15779],[-76.624932,39.157038],[-76.618614,39.158243],[-76.614555,39.153688],[-76.615835,39.153302],[-76.62029,39.151042],[-76.626978,39.151314],[-76.631432,39.152881],[-76.63082,39.154502],[-76.629009,39.15779]]]}},{"type":"Feature","properties":{"i":16,"geoid":"240037304012"},"geometry":{"type":"Polygon","coordinates":[[[-76.637516,39.154426],[-76.631432,39.152881],[-76.632018,39.149865],[-76.631433,39.146375],[-76.631631,39.144421],[-76.633526,39.146153],[-76.635165,39.145945],[-76.638334,39.148733],[-76.642011,39.151605],[-76.642536,39.154609],[-76.642124,39.154134],[-76.637516,39.154426]]]}},{"type":"Feature","properties":{"i":17,"geoid":"240037304013"},"geometry":{"type":"Polygon","coordinates":[[[-76.642376,39.159717],[-76.638133,39.160094],[-76.633612,39.161349],[-76.631746,39.160154],[-76.629009,39.15779],[-76.63082,39.154502],[-76.631432,39.152881],[-76.637516,39.154426],[-76.642124,39.154134],[-76.642536,39.154609],[-76.6428,39.159308],[-76.642376,39.159717]]]}},{"type":"Feature","properties":{"i":18,"geoid":"240037304031"},"geometry":{"type":"Polygon","coordinates":[[[-76.618547,39.1429],[-76.618447,39.141099],[-76.61864,39.139818],[-76.623636,39.139951],[-76.625202,39.140335],[-76.623922,39.142477],[-76.618547,39.1429]]]}},{"type":"Feature","properties":{"i":19,"geoid":"240037304032"},"geometry":{"type":"Polygon","coordinates":[[[-76.631432,39.152881],[-76.626978,39.151314],[-76.62029,39.151042],[-76.619942,39.14934],[-76.619104,39.147611],[-76.620669,39.146954],[-76.631433,39.146375],[-76.632018,39.149865],[-76.631432,39.152881]]]}},{"type":"Feature","properties":{"i":20,"geoid":"240037304033"},"geometry":{"type":"Polygon","coordinates":[[[-76.631433,39.146375],[-76.620669,39.146954],[-76.619104,39.147611],[-76.618547,39.1429],[-76.623922,39.142477],[-76.625202,39.140335],[-76.626509,39.140585],[-76.631631,39.144421],[-76.631433,39.146375]]]}},{"type":"Feature","properties":{"i":21,"geoid":"240037304041"},"geometry":{"type":"Polygon","coordinates":[[[-76.615835,39.153302],[-76.614555,39.153688],[-76.597445,39.134818],[-76.602231,39.134951],[-76.615354,39.139469],[-76.61864,39.139818],[-76.618447,39.141099],[-76.618547,39.1429],[-76.619104,39.147611],[-76.619942,39.14934],[-76.62029,39.151042],[-76.615835,39.153302]]]}},{"type":"Feature","properties":{"i":22,"geoid":"240037305071"},"geometry":{"type":"Polygon","coordinates":[[[-76.618044,39.137053],[-76.611415,39.137516],[-76.61183,39.134759],[-76.612971,39.133548],[-76.612561,39.133185],[-76.610485,39.132466],[-76.609844,39.131819],[-76.609859,39.130808],[-76.608542,39.130545],[-76.609859,39.127966],[-76.610527,39.124640],[-76.61382,39.124162],[-76.617336,39.125664],[-76.618317,39.126641],[-76.618585,39.133021],[-76.618189,39.135612],[-76.618671,39.136712],[-76.618044,39.137053]]]}},{"type":"Feature","properties":{"i":23,"geoid":"240037305072"},"geometry":{"type":"Polygon","coordinates":[[[-76.61183,39.134759],[-76.611415,39.137516],[-76.611075,39.138012],[-76.602231,39.134951],[-76.597445,39.134818],[-76.589615,39.126147],[-76.58999,39.123875],[-76.589751,39.121551],[-76.594837,39.121291],[-76.598619,39.122149],[-76.608046,39.125075],[-76.610527,39.124640],[-76.609859,39.127966],[-76.608542,39.130545],[-76.609859,39.130808],[-76.609844,39.131819],[-76.610485,39.132466],[-76.612561,39.133185],[-76.612971,39.133548],[-76.61183,39.134759]]]}},{"type":"Feature","properties":{"i":24,"geoid":"240037305081"},"geometry":{"type":"Polygon","coordinates":[[[-76.621542,39.13492],[-76.61972,39.135285],[-76.618671,39.136712],[-76.618189,39.135612],[-76.618585,39.133021],[-76.618317,39.126641],[-76.619851,39.126834],[-76.620968,39.128947],[-76.622187,39.132296],[-76.623377,39.133824],[-76.625846,39.136041],[-76.624675,39.136509],[-76.621542,39.13492]]]}},{"type":"Feature","properties":{"i":25,"geoid":"240037305082"},"geometry":{"type":"Polygon","coordinates":[[[-76.626509,39.140585],[-76.623636,39.139951],[-76.61864,39.139818],[-76.615354,39.139469],[-76.611075,39.138012],[-76.611415,39.137516],[-76.618044,39.137053],[-76.618671,39.136712],[-76.61972,39.135285],[-76.621542,39.13492],[-76.624675,39.136509],[-76.625846,39.136041],[-76.627999,39.139277],[-76.626509,39.140585]]]}},{"type":"Feature","properties":{"i":26,"geoid":"240037305091"},"geometry":{"type":"Polygon","coordinates":[[[-76.632514,39.114742],[-76.626359,39.115237],[-76.624112,39.116264],[-76.622935,39.114982],[-76.62464,39.113738],[-76.62467,39.112228],[-76.631133,39.111525],[-76.63261,39.110968],[-76.63413,39.113629],[-76.632514,39.114742]]]}},{"type":"Feature","properties":{"i":27,"geoid":"240037305092"},"geometry":{"type":"Polygon","coordinates":[[[-76.622935,39.114982],[-76.61985,39.116612],[-76.619566,39.117846],[-76.616657,39.117979],[-76.614384,39.118655],[-76.610475,39.122749],[-76.61382,39.124162],[-76.608046,39.125075],[-76.598619,39.122149],[-76.594837,39.121291],[-76.589751,39.121551],[-76.590475,39.119869],[-76.590739,39.118762],[-76.594705,39.116805],[-76.600864,39.116579],[-76.60918,39.113577],[-76.609696,39.112550],[-76.612012,39.111383],[-76.62467,39.112228],[-76.62464,39.113738],[-76.622935,39.114982]]]}},{"type":"Feature","properties":{"i":28,"geoid":"240037305093"},"geometry":{"type":"Polygon","coordinates":[[[-76.63354,39.117427],[-76.626876,39.117895],[-76.619566,39.117846],[-76.61985,39.116612],[-76.622935,39.114982],[-76.624112,39.116264],[-76.626359,39.115237],[-76.632514,39.114742],[-76.63413,39.113629],[-76.635578,39.116182],[-76.63354,39.117427]]]}},{"type":"Feature","properties":{"i":29,"geoid":"240037305101"},"geometry":{"type":"Polygon","coordinates":[[[-76.623558,39.127887],[-76.620968,39.128947],[-76.619851,39.126834],[-76.618317,39.126641],[-76.617336,39.125664],[-76.614053,39.124258],[-76.617429,39.119220],[-76.620789,39.120191],[-76.623605,39.122273],[-76.624895,39.123752],[-76.624291,39.127411],[-76.623558,39.127887]]]}},{"type":"Feature","properties":{"i":30,"geoid":"240037305102"},"geometry":{"type":"Polygon","coordinates":[[[-76.631537,39.122602],[-76.624291,39.127411],[-76.624895,39.123752],[-76.623605,39.122273],[-76.620789,39.120191],[-76.617429,39.119220],[-76.614053,39.124258],[-76.610475,39.122749],[-76.614384,39.118655],[-76.616657,39.117979],[-76.619566,39.117846],[-76.626876,39.117895],[-76.63354,39.117427],[-76.635578,39.116182],[-76.636988,39.118759],[-76.631537,39.122602]]]}},{"type":"Feature","properties":{"i":31,"geoid":"240037305111"},"geometry":{"type":"Polygon","coordinates":[[[-76.633384,39.137483],[-76.631631,39.144421],[-76.626509,39.140585],[-76.627999,39.139277],[-76.625846,39.136041],[-76.629821,39.134483],[-76.631409,39.135496],[-76.632428,39.137197],[-76.633384,39.137483]]]}},{"type":"Feature","properties":{"i":32,"geoid":"240037305121"},"geometry":{"type":"Polygon","coordinates":[[[-76.632514,39.125660],[-76.6309,39.129662],[-76.629847,39.130585],[-76.623689,39.133101],[-76.623377,39.133824],[-76.622187,39.132296],[-76.620968,39.128947],[-76.623558,39.127887],[-76.631537,39.122602],[-76.632514,39.125660]]]}},{"type":"Feature","properties":{"i":33,"geoid":"240037305122"},"geometry":{"type":"Polygon","coordinates":[[[-76.632428,39.137197],[-76.631409,39.135496],[-76.629821,39.134483],[-76.625846,39.136041],[-76.623377,39.133824],[-76.623689,39.133101],[-76.629847,39.130585],[-76.629754,39.131272],[-76.630228,39.133018],[-76.63446,39.135556],[-76.633384,39.137483],[-76.632428,39.137197]]]}},{"type":"Feature","properties":{"i":34,"geoid":"240037305131"},"geometry":{"type":"Polygon","coordinates":[[[-76.635189,39.129495],[-76.6309,39.129662],[-76.632514,39.125660],[-76.63239,39.123415],[-76.633855,39.123201],[-76.635786,39.125702],[-76.63797,39.126386],[-76.635189,39.129495]]]}},{"type":"Feature","properties":{"i":35,"geoid":"240037305132"},"geometry":{"type":"Polygon","coordinates":[[[-76.63797,39.126386],[-76.635786,39.125702],[-76.633855,39.123201],[-76.63239,39.123415],[-76.632514,39.125660],[-76.631537,39.122602],[-76.636988,39.118759],[-76.640344,39.126062],[-76.639023,39.125683],[-76.63797,39.126386]]]}},{"type":"Feature","properties":{"i":36,"geoid":"240037305141"},"geometry":{"type":"Polygon","coordinates":[[[-76.63446,39.135556],[-76.630228,39.133018],[-76.629754,39.131272],[-76.631314,39.130997],[-76.633745,39.134543],[-76.635369,39.133339],[-76.633812,39.129624],[-76.635347,39.129821],[-76.636929,39.129088],[-76.639099,39.130890],[-76.63446,39.135556]]]}},{"type":"Feature","properties":{"i":37,"geoid":"240037305142"},"geometry":{"type":"Polygon","coordinates":[[[-76.640112,39.129737],[-76.639099,39.130890],[-76.636929,39.129088],[-76.635347,39.129821],[-76.633812,39.129624],[-76.635369,39.133339],[-76.633745,39.134543],[-76.631314,39.130997],[-76.629754,39.131272],[-76.629847,39.130585],[-76.6309,39.129662],[-76.635189,39.129495],[-76.63797,39.126386],[-76.639023,39.125683],[-76.640344,39.126062],[-76.641211,39.128042],[-76.640112,39.129737]]]}},{"type":"Feature","properties":{"i":38,"geoid":"240037306011"},"geometry":{"type":"Polygon","coordinates":[[[-76.624199,39.103815],[-76.616029,39.106151],[-76.606441,39.106185],[-76.608644,39.100171],[-76.628664,39.100168],[-76.629399,39.102703],[-76.624199,39.103815]]]}},{"type":"Feature","properties":{"i":39,"geoid":"240037306013"},"geometry":{"type":"Polygon","coordinates":[[[-76.631133,39.111525],[-76.62467,39.112228],[-76.612012,39.111383],[-76.609696,39.112550],[-76.60918,39.113577],[-76.600864,39.116579],[-76.601768,39.113297],[-76.601568,39.111107],[-76.602161,39.106128],[-76.616029,39.106151],[-76.624199,39.103815],[-76.629399,39.102703],[-76.630451,39.106050],[-76.63261,39.110968],[-76.631133,39.111525]]]}},{"type":"Feature","properties":{"i":40,"geoid":"240037306014"},"geometry":{"type":"Polygon","coordinates":[[[-76.606441,39.106185],[-76.602161,39.106128],[-76.601553,39.100171],[-76.608644,39.100171],[-76.606441,39.106185]]]}},{"type":"Feature","properties":{"i":41,"geoid":"240037306031"},"geometry":{"type":"Polygon","coordinates":[[[-76.601768,39.113297],[-76.600864,39.116579],[-76.594705,39.116805],[-76.590739,39.118762],[-76.590475,39.119869],[-76.589751,39.121551],[-76.58999,39.123875],[-76.589615,39.126147],[-76.574497,39.109402],[-76.579718,39.107867],[-76.586587,39.107213],[-76.591792,39.107019],[-76.598063,39.106234],[-76.602161,39.106128],[-76.601568,39.111107],[-76.601768,39.113297]]]}},{"type":"Feature","properties":{"i":42,"geoid":"240037306032"},"geometry":{"type":"Polygon","coordinates":[[[-76.598063,39.106234],[-76.591792,39.107019],[-76.586587,39.107213],[-76.579718,39.107867],[-76.574497,39.109402],[-76.566146,39.100166],[-76.597600,39.100171],[-76.597903,39.103816],[-76.601756,39.10306],[-76.602161,39.106128],[-76.598063,39.106234]]]}},{"type":"Feature","properties":{"i":43,"geoid":"240037306061"},"geometry":{"type":"Polygon","coordinates":[[[-76.601756,39.10306],[-76.597903,39.103816],[-76.597600,39.100171],[-76.601553,39.100171],[-76.601756,39.10306]]]}},{"type":"Feature","properties":{"i":44,"geoid":"240037312051"},"geometry":{"type":"Polygon","coordinates":[[[-76.513534,39.101599],[-76.512607,39.102266],[-76.514481,39.103843],[-76.514968,39.108483],[-76.500032,39.111709],[-76.496799,39.108824],[-76.495174,39.108211],[-76.497873,39.106197],[-76.499051,39.104013],[-76.498811,39.101102],[-76.499549,39.100128],[-76.514274,39.100140],[-76.513534,39.101599]]]}},{"type":"Feature","properties":{"i":45,"geoid":"240037312052"},"geometry":{"type":"MultiPolygon","coordinates":[[[[-76.533271,39.109527],[-76.526901,39.110008],[-76.526225,39.104125],[-76.524782,39.104210],[-76.52606,39.100197],[-76.525909,39.100148],[-76.532088,39.100151],[-76.531875,39.102364],[-76.534662,39.105712],[-76.533539,39.109323],[-76.533271,39.109527]]],[[[-76.514881,39.100470],[-76.515591,39.101334],[-76.515657,39.104108],[-76.515571,39.108353],[-76.514968,39.108483],[-76.514481,39.103843],[-76.512607,39.102266],[-76.513534,39.101599],[-76.514274,39.100140],[-76.515181,39.100140],[-76.514881,39.100470]]]]}},{"type":"Feature","properties":{"i":46,"geoid":"240037312053"},"geometry":{"type":"Polygon","coordinates":[[[-76.522769,39.112275],[-76.517212,39.118946],[-76.517274,39.122905],[-76.5144,39.12216],[-76.511747,39.121028],[-76.502236,39.11514],[-76.500032,39.111709],[-76.515571,39.108353],[-76.515591,39.101334],[-76.514881,39.100470],[-76.515181,39.100140],[-76.525909,39.100148],[-76.52606,39.100197],[-76.524782,39.104210],[-76.526225,39.104125],[-76.526901,39.110008],[-76.522769,39.112275]]]}},{"type":"Feature","properties":{"i":47,"geoid":"240037312061"},"geometry":{"type":"Polygon","coordinates":[[[-76.498811,39.101102],[-76.499051,39.104013],[-76.497873,39.106197],[-76.495174,39.108211],[-76.491861,39.107282],[-76.481243,39.106852],[-76.479918,39.104167],[-76.480737,39.103883],[-76.478603,39.100108],[-76.499549,39.100128],[-76.498811,39.101102]]]}},{"type":"Feature","properties":{"i":48,"geoid":"240037312062"},"geometry":{"type":"Polygon","coordinates":[[[-76.475739,39.105354],[-76.47337,39.104064],[-76.472575,39.103923],[-76.467985,39.104549],[-76.466067,39.102508],[-76.464917,39.100093],[-76.478603,39.100108],[-76.480737,39.103883],[-76.479918,39.104167],[-76.481243,39.106852],[-76.475739,39.105354]]]}},{"type":"Feature","properties":{"i":49,"geoid":"240037312072"},"geometry":{"type":"Polygon","coordinates":[[[-76.556448,39.100163],[-76.552005,39.103254],[-76.550817,39.102094],[-76.550054,39.100160],[-76.556448,39.100163]]]}},{"type":"Feature","properties":{"i":50,"geoid":"240037312081"},"geometry":{"type":"Polygon","coordinates":[[[-76.568039,39.113368],[-76.564789,39.113658],[-76.564262,39.114384],[-76.559688,39.113976],[-76.559338,39.114870],[-76.557785,39.113967],[-76.555865,39.111241],[-76.553875,39.107505],[-76.552862,39.104347],[-76.552005,39.103254],[-76.556448,39.100163],[-76.566146,39.100166],[-76.574497,39.109402],[-76.572734,39.112],[-76.568039,39.113368]]]}},{"type":"Feature","properties":{"i":51,"geoid":"240037312082"},"geometry":{"type":"Polygon","coordinates":[[[-76.549118,39.104803],[-76.544868,39.106292],[-76.541561,39.109513],[-76.537377,39.106146],[-76.534662,39.105712],[-76.531875,39.102364],[-76.532088,39.100151],[-76.550054,39.100160],[-76.550817,39.102094],[-76.552005,39.103254],[-76.549118,39.104803]]]}},{"type":"Feature","properties":{"i":52,"geoid":"240037312083"},"geometry":{"type":"Polygon","coordinates":[[[-76.553721,39.115356],[-76.551176,39.114707],[-76.549808,39.114932],[-76.549075,39.114587],[-76.54767,39.114435],[-76.545494,39.113478],[-76.54448,39.113445],[-76.542439,39.112467],[-76.542019,39.110431],[-76.541556,39.109656],[-76.544868,39.106292],[-76.549118,39.104803],[-76.552005,39.103254],[-76.552862,39.104347],[-76.553875,39.107505],[-76.555865,39.111241],[-76.557785,39.113967],[-76.559338,39.114870],[-76.553721,39.115356]]]}},{"type":"Feature","properties":{"i":53,"geoid":"240037312091"},"geometry":{"type":"Polygon","coordinates":[[[-76.561348,39.131159],[-76.558879,39.130477],[-76.543836,39.128156],[-76.54408,39.125903],[-76.547167,39.125687],[-76.549808,39.114932],[-76.551176,39.114707],[-76.553721,39.115356],[-76.559338,39.114870],[-76.560553,39.115707],[-76.56092,39.118358],[-76.562614,39.126512],[-76.563196,39.131292],[-76.561348,39.131159]]]}},{"type":"Feature","properties":{"i":54,"geoid":"240037312092"},"geometry":{"type":"Polygon","coordinates":[[[-76.597334,39.136037],[-76.579227,39.133306],[-76.572052,39.131781],[-76.564855,39.13161],[-76.563196,39.131292],[-76.562614,39.126512],[-76.56092,39.118358],[-76.560553,39.115707],[-76.559338,39.114870],[-76.559688,39.113976],[-76.564262,39.114384],[-76.564789,39.113658],[-76.568039,39.113368],[-76.572734,39.112],[-76.574497,39.109402],[-76.60029,39.137938],[-76.598687,39.136707],[-76.597334,39.136037]]]}},{"type":"Feature","properties":{"i":55,"geoid":"240037312101"},"geometry":{"type":"Polygon","coordinates":[[[-76.54408,39.125903],[-76.543836,39.128156],[-76.541237,39.127741],[-76.531744,39.12514],[-76.52573,39.123699],[-76.522867,39.123636],[-76.517274,39.122905],[-76.517212,39.118946],[-76.52283,39.118914],[-76.548156,39.121562],[-76.547167,39.125687],[-76.54408,39.125903]]]}},{"type":"Feature","properties":{"i":56,"geoid":"240037312102"},"geometry":{"type":"Polygon","coordinates":[[[-76.548156,39.121562],[-76.52283,39.118914],[-76.517212,39.118946],[-76.522769,39.112275],[-76.526901,39.110008],[-76.533271,39.109527],[-76.533539,39.109323],[-76.534662,39.105712],[-76.537377,39.106146],[-76.541561,39.109513],[-76.542019,39.110431],[-76.542439,39.112467],[-76.54448,39.113445],[-76.545494,39.113478],[-76.54767,39.114435],[-76.549075,39.114587],[-76.549808,39.114932],[-76.548156,39.121562]]]}},{"type":"Feature","properties":{"i":57,"geoid":"240037313031"},"geometry":{"type":"Polygon","coordinates":[[[-76.462193,39.107267],[-76.45468,39.109556],[-76.452139,39.109472],[-76.445269,39.104758],[-76.445663,39.101484],[-76.444424,39.100067],[-76.464917,39.100093],[-76.466067,39.102508],[-76.467985,39.104549],[-76.462193,39.107267]]]}},{"type":"Feature","properties":{"i":58,"geoid":"240037313032"},"geometry":{"type":"Polygon","coordinates":[[[-76.445663,39.101484],[-76.445269,39.104758],[-76.452139,39.109472],[-76.45468,39.109556],[-76.453879,39.115318],[-76.452349,39.115341],[-76.449993,39.117137],[-76.446226,39.118122],[-76.445426,39.119177],[-76.446372,39.123925],[-76.443688,39.126655],[-76.442101,39.129701],[-76.442134,39.131470],[-76.439021,39.133795],[-76.437302,39.135792],[-76.431043,39.132123],[-76.432481,39.126708],[-76.433278,39.121774],[-76.431981,39.119554],[-76.433144,39.111233],[-76.431932,39.107158],[-76.429331,39.101940],[-76.428579,39.100045],[-76.444424,39.100067],[-76.445663,39.101484]]]}},{"type":"Feature","properties":{"i":59,"geoid":"240037313033"},"geometry":{"type":"Polygon","coordinates":[[[-76.496481,39.114209],[-76.491733,39.117131],[-76.484858,39.117511],[-76.481320,39.11932],[-76.480885,39.12244],[-76.479905,39.122912],[-76.478214,39.124966],[-76.477696,39.125266],[-76.474724,39.124874],[-76.473423,39.125389],[-76.473814,39.123403],[-76.473177,39.119317],[-76.475859,39.113264],[-76.474502,39.109026],[-76.472984,39.106428],[-76.468407,39.106171],[-76.467985,39.104549],[-76.472575,39.103923],[-76.47337,39.104064],[-76.475739,39.105354],[-76.481243,39.106852],[-76.491861,39.107282],[-76.495174,39.108211],[-76.496799,39.108824],[-76.500032,39.111709],[-76.501282,39.113806],[-76.496481,39.114209]]]}},{"type":"Feature","properties":{"i":60,"geoid":"240037313034"},"geometry":{"type":"Polygon","coordinates":[[[-76.479751,39.123356],[-76.479058,39.124538],[-76.477641,39.125814],[-76.469846,39.126303],[-76.466117,39.127282],[-76.46576,39.128049],[-76.461694,39.127699],[-76.457817,39.126497],[-76.455555,39.127886],[-76.450455,39.128668],[-76.448912,39.128435],[-76.445794,39.126933],[-76.443688,39.126655],[-76.446372,39.123925],[-76.445426,39.119177],[-76.446226,39.118122],[-76.449993,39.117137],[-76.452349,39.115341],[-76.453879,39.115318],[-76.45468,39.109556],[-76.462193,39.107267],[-76.467985,39.104549],[-76.468407,39.106171],[-76.472984,39.106428],[-76.474502,39.109026],[-76.475859,39.113264],[-76.473177,39.119317],[-76.473814,39.123403],[-76.473423,39.125389],[-76.474724,39.124874],[-76.477696,39.125266],[-76.478214,39.124966],[-76.479905,39.122912],[-76.480885,39.12244],[-76.479751,39.123356]]]}},{"type":"Feature","properties":{"i":61,"geoid":"240037313061"},"geometry":{"type":"Polygon","coordinates":[[[-76.493909,39.155165],[-76.490463,39.156086],[-76.488561,39.157376],[-76.487848,39.159219],[-76.486184,39.162444],[-76.484023,39.164407],[-76.48026,39.166637],[-76.478299,39.167066],[-76.476916,39.166304],[-76.476893,39.164183],[-76.475983,39.161108],[-76.471667,39.154970],[-76.47457,39.153087],[-76.481751,39.151163],[-76.486753,39.152303],[-76.490737,39.152598],[-76.500047,39.155318],[-76.498306,39.155073],[-76.493909,39.155165]]]}},{"type":"Feature","properties":{"i":62,"geoid":"240037313062"},"geometry":{"type":"Polygon","coordinates":[[[-76.511945,39.150668],[-76.511192,39.152372],[-76.509515,39.153289],[-76.504894,39.154069],[-76.501745,39.156223],[-76.50092,39.155440],[-76.500047,39.155318],[-76.490737,39.152598],[-76.486753,39.152303],[-76.481751,39.151163],[-76.482405,39.147716],[-76.483032,39.146757],[-76.492825,39.139883],[-76.505166,39.135114],[-76.506078,39.137894],[-76.510915,39.140706],[-76.516337,39.146226],[-76.515509,39.146451],[-76.511945,39.150668]]]}},{"type":"Feature","properties":{"i":63,"geoid":"240037313063"},"geometry":{"type":"Polygon","coordinates":[[[-76.483032,39.146757],[-76.482405,39.147716],[-76.481751,39.151163],[-76.47457,39.153087],[-76.471667,39.154970],[-76.471483,39.154709],[-76.452782,39.143509],[-76.440129,39.13745],[-76.437302,39.135792],[-76.439021,39.133795],[-76.443998,39.132468],[-76.451742,39.132014],[-76.455956,39.132247],[-76.459278,39.131414],[-76.462608,39.132584],[-76.469376,39.133916],[-76.472265,39.135482],[-76.473923,39.137223],[-76.476667,39.137673],[-76.479594,39.139078],[-76.480828,39.138534],[-76.483227,39.142138],[-76.483347,39.143691],[-76.487853,39.143293],[-76.483032,39.146757]]]}},{"type":"Feature","properties":{"i":64,"geoid":"240037313064"},"geometry":{"type":"Polygon","coordinates":[[[-76.520201,39.142954],[-76.516337,39.146226],[-76.510915,39.140706],[-76.506078,39.137894],[-76.505166,39.135114],[-76.51221,39.132415],[-76.514298,39.132194],[-76.515996,39.132579],[-76.520727,39.135985],[-76.523474,39.138584],[-76.521992,39.139836],[-76.520201,39.142954]]]}},{"type":"Feature","properties":{"i":65,"geoid":"240037313065"},"geometry":{"type":"Polygon","coordinates":[[[-76.508157,39.133953],[-76.492825,39.139883],[-76.487853,39.143293],[-76.483347,39.143691],[-76.483227,39.142138],[-76.480828,39.138534],[-76.479594,39.139078],[-76.476667,39.137673],[-76.473923,39.137223],[-76.472265,39.135482],[-76.469376,39.133916],[-76.462608,39.132584],[-76.459278,39.131414],[-76.455956,39.132247],[-76.451742,39.132014],[-76.443998,39.132468],[-76.439021,39.133795],[-76.442134,39.131470],[-76.442101,39.129701],[-76.443688,39.126655],[-76.445794,39.126933],[-76.448912,39.128435],[-76.450455,39.128668],[-76.455555,39.127886],[-76.457817,39.126497],[-76.461694,39.127699],[-76.46576,39.128049],[-76.466117,39.127282],[-76.469846,39.126303],[-76.477641,39.125814],[-76.479058,39.124538],[-76.483575,39.124687],[-76.489522,39.127442],[-76.495332,39.126588],[-76.497158,39.1269],[-76.498838,39.128568],[-76.503861,39.130449],[-76.503494,39.132194],[-76.505750,39.132547],[-76.508157,39.133953]]]}},{"type":"Feature","properties":{"i":66,"geoid":"240037313071"},"geometry":{"type":"Polygon","coordinates":[[[-76.527666,39.13453],[-76.526855,39.135318],[-76.526616,39.133836],[-76.522336,39.129751],[-76.519994,39.126854],[-76.522867,39.123636],[-76.52573,39.123699],[-76.531744,39.12514],[-76.529069,39.134373],[-76.527666,39.13453]]]}},{"type":"Feature","properties":{"i":67,"geoid":"240037313072"},"geometry":{"type":"Polygon","coordinates":[[[-76.519994,39.126854],[-76.515657,39.129898],[-76.514298,39.132194],[-76.51221,39.132415],[-76.508157,39.133953],[-76.505750,39.132547],[-76.503494,39.132194],[-76.503861,39.130449],[-76.498838,39.128568],[-76.497158,39.1269],[-76.495332,39.126588],[-76.489522,39.127442],[-76.483575,39.124687],[-76.479058,39.124538],[-76.479751,39.123356],[-76.480885,39.12244],[-76.481320,39.11932],[-76.484858,39.117511],[-76.491733,39.117131],[-76.496481,39.114209],[-76.501282,39.113806],[-76.502236,39.11514],[-76.511747,39.121028],[-76.5144,39.12216],[-76.517274,39.122905],[-76.522867,39.123636],[-76.519994,39.126854]]]}},{"type":"Feature","properties":{"i":68,"geoid":"240037313073"},"geometry":{"type":"Polygon","coordinates":[[[-76.534573,39.134071],[-76.532319,39.137094],[-76.527955,39.13932],[-76.526506,39.140882],[-76.525499,39.140518],[-76.520727,39.135985],[-76.515996,39.132579],[-76.514298,39.132194],[-76.515657,39.129898],[-76.519994,39.126854],[-76.522336,39.129751],[-76.526616,39.133836],[-76.526855,39.135318],[-76.527666,39.13453],[-76.529069,39.134373],[-76.531744,39.12514],[-76.53481,39.125975],[-76.535022,39.132364],[-76.534573,39.134071]]]}},{"type":"Feature","properties":{"i":69,"geoid":"240037313081"},"geometry":{"type":"Polygon","coordinates":[[[-76.514781,39.172829],[-76.512387,39.172501],[-76.503675,39.165966],[-76.500564,39.162075],[-76.500683,39.159403],[-76.500941,39.159091],[-76.501683,39.160298],[-76.504955,39.159104],[-76.506620,39.157251],[-76.509562,39.159086],[-76.508872,39.160516],[-76.507924,39.161408],[-76.511691,39.163328],[-76.513277,39.165116],[-76.518974,39.169287],[-76.514945,39.169987],[-76.514781,39.172829]]]}},{"type":"Feature","properties":{"i":70,"geoid":"240037313082"},"geometry":{"type":"Polygon","coordinates":[[[-76.522129,39.165484],[-76.520618,39.168312],[-76.518974,39.169287],[-76.513277,39.165116],[-76.511691,39.163328],[-76.507924,39.161408],[-76.508872,39.160516],[-76.509562,39.159086],[-76.514812,39.159900],[-76.516168,39.157227],[-76.518825,39.159429],[-76.524819,39.162998],[-76.522129,39.165484]]]}},{"type":"Feature","properties":{"i":71,"geoid":"240037313091"},"geometry":{"type":"Polygon","coordinates":[[[-76.528376,39.159153],[-76.526449,39.16141],[-76.524819,39.162998],[-76.523776,39.162382],[-76.525553,39.15842],[-76.524721,39.157217],[-76.518832,39.153569],[-76.52295,39.149009],[-76.523946,39.147697],[-76.525095,39.144616],[-76.53004,39.146134],[-76.528855,39.149865],[-76.529789,39.152899],[-76.532053,39.155917],[-76.531615,39.157168],[-76.528376,39.159153]]]}},{"type":"Feature","properties":{"i":72,"geoid":"240037313092"},"geometry":{"type":"Polygon","coordinates":[[[-76.526506,39.140882],[-76.523946,39.147697],[-76.52295,39.149009],[-76.518832,39.153569],[-76.516168,39.157227],[-76.514812,39.159900],[-76.509562,39.159086],[-76.506620,39.157251],[-76.504955,39.159104],[-76.501683,39.160298],[-76.500941,39.159091],[-76.501752,39.158114],[-76.50306,39.157469],[-76.501745,39.156223],[-76.504894,39.154069],[-76.509515,39.153289],[-76.511192,39.152372],[-76.511945,39.150668],[-76.515509,39.146451],[-76.516337,39.146226],[-76.520201,39.142954],[-76.521992,39.139836],[-76.523474,39.138584],[-76.525499,39.140518],[-76.526506,39.140882]]]}},{"type":"Feature","properties":{"i":73,"geoid":"240037313093"},"geometry":{"type":"Polygon","coordinates":[[[-76.523776,39.162382],[-76.518825,39.159429],[-76.516168,39.157227],[-76.518832,39.153569],[-76.524721,39.157217],[-76.525553,39.15842],[-76.523776,39.162382]]]}},{"type":"Feature","properties":{"i":74,"geoid":"240037313101"},"geometry":{"type":"Polygon","coordinates":[[[-76.541666,39.150900],[-76.539071,39.151785],[-76.536437,39.153734],[-76.532053,39.155917],[-76.529789,39.152899],[-76.528855,39.149865],[-76.53004,39.146134],[-76.532342,39.146367],[-76.535482,39.146296],[-76.542409,39.142310],[-76.54401,39.142991],[-76.546403,39.146202],[-76.548888,39.147837],[-76.546992,39.150217],[-76.541666,39.150900]]]}},{"type":"Feature","properties":{"i":75,"geoid":"240037313102"},"geometry":{"type":"Polygon","coordinates":[[[-76.535482,39.146296],[-76.532342,39.146367],[-76.533584,39.14177],[-76.535969,39.140664],[-76.534408,39.138684],[-76.538122,39.136165],[-76.538456,39.134441],[-76.540771,39.134619],[-76.539539,39.137667],[-76.540778,39.140751],[-76.542409,39.142310],[-76.535482,39.146296]]]}},{"type":"Feature","properties":{"i":76,"geoid":"240037313103"},"geometry":{"type":"Polygon","coordinates":[[[-76.534408,39.138684],[-76.535969,39.140664],[-76.533584,39.14177],[-76.532342,39.146367],[-76.53004,39.146134],[-76.525095,39.144616],[-76.526506,39.140882],[-76.527955,39.13932],[-76.532319,39.137094],[-76.534573,39.134071],[-76.538456,39.134441],[-76.538122,39.136165],[-76.534408,39.138684]]]}},{"type":"Feature","properties":{"i":77,"geoid":"240037313121"},"geometry":{"type":"Polygon","coordinates":[[[-76.549989,39.146931],[-76.548888,39.147837],[-76.546403,39.146202],[-76.54401,39.142991],[-76.542409,39.142310],[-76.540778,39.140751],[-76.539539,39.137667],[-76.540771,39.134619],[-76.534573,39.134071],[-76.535022,39.132364],[-76.53481,39.125975],[-76.541237,39.127741],[-76.544343,39.128241],[-76.542429,39.136245],[-76.542514,39.136564],[-76.547781,39.144647],[-76.550259,39.144797],[-76.551429,39.146029],[-76.552302,39.146447],[-76.549989,39.146931]]]}},{"type":"Feature","properties":{"i":78,"geoid":"240037313122"},"geometry":{"type":"Polygon","coordinates":[[[-76.548246,39.136481],[-76.548556,39.137038],[-76.543961,39.138864],[-76.542514,39.136564],[-76.542429,39.136245],[-76.544343,39.128241],[-76.548616,39.128884],[-76.548224,39.130999],[-76.548246,39.136481]]]}},{"type":"Feature","properties":{"i":79,"geoid":"240037313123"},"geometry":{"type":"Polygon","coordinates":[[[-76.547781,39.144647],[-76.543961,39.138864],[-76.548556,39.137038],[-76.550959,39.141116],[-76.550259,39.144797],[-76.547781,39.144647]]]}},{"type":"Feature","properties":{"i":80,"geoid":"240037313131"},"geometry":{"type":"Polygon","coordinates":[[[-76.553877,39.145096],[-76.551429,39.146029],[-76.550259,39.144797],[-76.550959,39.141116],[-76.548246,39.136481],[-76.548224,39.130999],[-76.548616,39.128884],[-76.550786,39.129223],[-76.55239,39.132068],[-76.552778,39.134545],[-76.554548,39.136209],[-76.554258,39.137907],[-76.555803,39.140470],[-76.554978,39.141213],[-76.553877,39.145096]]]}},{"type":"Feature","properties":{"i":81,"geoid":"240037313132"},"geometry":{"type":"Polygon","coordinates":[[[-76.564378,39.143986],[-76.558352,39.143810],[-76.555491,39.145802],[-76.552302,39.146447],[-76.551429,39.146029],[-76.553877,39.145096],[-76.554978,39.141213],[-76.555803,39.140470],[-76.554258,39.137907],[-76.554548,39.136209],[-76.552778,39.134545],[-76.55239,39.132068],[-76.550786,39.129223],[-76.558879,39.130477],[-76.561348,39.131159],[-76.563196,39.131292],[-76.563539,39.134824],[-76.564564,39.138385],[-76.567506,39.142010],[-76.564378,39.143986]]]}},{"type":"Feature","properties":{"i":82,"geoid":"240037401031"},"geometry":{"type":"Polygon","coordinates":[[[-76.720273,39.152567],[-76.718538,39.153399],[-76.716172,39.150770],[-76.712571,39.150311],[-76.70933,39.147634],[-76.711074,39.144804],[-76.71241,39.140359],[-76.711305,39.139062],[-76.710357,39.135609],[-76.71314,39.135033],[-76.72236,39.138435],[-76.725339,39.140702],[-76.72836,39.142244],[-76.726201,39.146688],[-76.720273,39.152567]]]}},{"type":"Feature","properties":{"i":83,"geoid":"240037401032"},"geometry":{"type":"Polygon","coordinates":[[[-76.711074,39.144804],[-76.70933,39.147634],[-76.70537,39.150626],[-76.701688,39.156165],[-76.700963,39.158458],[-76.697274,39.158454],[-76.697491,39.137307],[-76.700255,39.136952],[-76.702334,39.135794],[-76.708455,39.136019],[-76.710357,39.135609],[-76.711305,39.139062],[-76.71241,39.140359],[-76.711074,39.144804]]]}},{"type":"Feature","properties":{"i":84,"geoid":"240037401033"},"geometry":{"type":"Polygon","coordinates":[[[-76.735318,39.133139],[-76.734109,39.137378],[-76.732004,39.139948],[-76.72836,39.142244],[-76.726083,39.141020],[-76.726961,39.139318],[-76.726994,39.136121],[-76.729586,39.133229],[-76.729933,39.131642],[-76.73224,39.128742],[-76.735748,39.128163],[-76.738286,39.130495],[-76.735318,39.133139]]]}},{"type":"Feature","properties":{"i":85,"geoid":"240037401034"},"geometry":{"type":"Polygon","coordinates":[[[-76.715986,39.155286],[-76.715051,39.156840],[-76.715126,39.157538],[-76.713448,39.159229],[-76.711668,39.158608],[-76.700963,39.158458],[-76.701688,39.156165],[-76.70537,39.150626],[-76.70933,39.147634],[-76.712571,39.150311],[-76.716172,39.150770],[-76.718538,39.153399],[-76.715986,39.155286]]]}},{"type":"Feature","properties":{"i":86,"geoid":"240037401041"},"geometry":{"type":"Polygon","coordinates":[[[-76.729933,39.131642],[-76.729586,39.133229],[-76.726994,39.136121],[-76.726961,39.139318],[-76.726083,39.141020],[-76.725339,39.140702],[-76.72236,39.138435],[-76.71314,39.135033],[-76.71137,39.135356],[-76.712921,39.132072],[-76.715501,39.130198],[-76.717641,39.130072],[-76.713178,39.126316],[-76.711291,39.122545],[-76.710666,39.120646],[-76.713798,39.119736],[-76.716595,39.117707],[-76.719161,39.120392],[-76.717119,39.120826],[-76.720707,39.123093],[-76.726411,39.125354],[-76.728578,39.124690],[-76.732631,39.128632],[-76.73224,39.128742],[-76.729933,39.131642]]]}},{"type":"Feature","properties":{"i":87,"geoid":"240037401042"},"geometry":{"type":"Polygon","coordinates":[[[-76.712921,39.132072],[-76.71137,39.135356],[-76.708455,39.136019],[-76.702334,39.135794],[-76.700255,39.136952],[-76.697491,39.137307],[-76.697387,39.134482],[-76.699968,39.133569],[-76.700176,39.130634],[-76.703987,39.130007],[-76.710151,39.130626],[-76.713252,39.130014],[-76.715501,39.130198],[-76.712921,39.132072]]]}},{"type":"Feature","properties":{"i":88,"geoid":"240037401043"},"geometry":{"type":"Polygon","coordinates":[[[-76.710268,39.127062],[-76.710151,39.130626],[-76.703987,39.130007],[-76.700176,39.130634],[-76.699464,39.128116],[-76.699921,39.126592],[-76.70063,39.125719],[-76.707255,39.121705],[-76.710666,39.120646],[-76.711291,39.122545],[-76.713178,39.126316],[-76.710268,39.127062]]]}},{"type":"Feature","properties":{"i":89,"geoid":"240037401044"},"geometry":{"type":"Polygon","coordinates":[[[-76.713252,39.130014],[-76.710151,39.130626],[-76.710268,39.127062],[-76.713178,39.126316],[-76.717641,39.130072],[-76.715501,39.130198],[-76.713252,39.130014]]]}},{"type":"Feature","properties":{"i":90,"geoid":"240037401051"},"geometry":{"type":"Polygon","coordinates":[[[-76.707665,39.117900],[-76.706231,39.117045],[-76.705849,39.113929],[-76.702274,39.112205],[-76.698866,39.111224],[-76.699705,39.107675],[-76.701318,39.108119],[-76.703433,39.109733],[-76.704691,39.111952],[-76.708779,39.116954],[-76.710666,39.120646],[-76.709088,39.121071],[-76.707665,39.117900]]]}},{"type":"Feature","properties":{"i":91,"geoid":"240037401052"},"geometry":{"type":"Polygon","coordinates":[[[-76.707255,39.121705],[-76.705167,39.122866],[-76.702721,39.119923],[-76.701516,39.118963],[-76.697924,39.118555],[-76.697128,39.118247],[-76.698866,39.111224],[-76.702274,39.112205],[-76.705849,39.113929],[-76.706231,39.117045],[-76.707665,39.117900],[-76.709088,39.121071],[-76.707255,39.121705]]]}},{"type":"Feature","properties":{"i":92,"geoid":"240037401053"},"geometry":{"type":"Polygon","coordinates":[[[-76.70063,39.125719],[-76.699921,39.126592],[-76.699464,39.128116],[-76.700176,39.130634],[-76.699968,39.133569],[-76.697387,39.134482],[-76.695721,39.126298],[-76.69577,39.12369],[-76.697128,39.118247],[-76.697924,39.118555],[-76.701516,39.118963],[-76.702721,39.119923],[-76.705167,39.122866],[-76.70063,39.125719]]]}},{"type":"Feature","properties":{"i":93,"geoid":"240037401061"},"geometry":{"type":"Polygon","coordinates":[[[-76.760416,39.168906],[-76.754142,39.172055],[-76.750137,39.175015],[-76.747471,39.178316],[-76.742732,39.177284],[-76.74122,39.176496],[-76.739229,39.174896],[-76.739073,39.169960],[-76.739796,39.166254],[-76.735403,39.165173],[-76.748801,39.152669],[-76.750538,39.150528],[-76.755445,39.140054],[-76.758101,39.141561],[-76.758994,39.141805],[-76.757649,39.143629],[-76.758175,39.146404],[-76.763144,39.150069],[-76.765531,39.152469],[-76.76133,39.156383],[-76.759151,39.159651],[-76.763253,39.161349],[-76.767098,39.162384],[-76.763738,39.166229],[-76.760416,39.168906]]]}},{"type":"Feature","properties":{"i":94,"geoid":"240037401062"},"geometry":{"type":"Polygon","coordinates":[[[-76.78518,39.132081],[-76.7842,39.139602],[-76.782621,39.143811],[-76.780467,39.139849],[-76.78061,39.136115],[-76.779942,39.132628],[-76.780182,39.131556],[-76.781839,39.130662],[-76.780945,39.128740],[-76.780925,39.125385],[-76.781586,39.122772],[-76.778054,39.123972],[-76.775784,39.12683],[-76.770528,39.129861],[-76.769634,39.129652],[-76.769471,39.132813],[-76.771722,39.135495],[-76.772766,39.134836],[-76.773693,39.136557],[-76.772642,39.139386],[-76.768713,39.141364],[-76.768597,39.142065],[-76.773789,39.142599],[-76.774143,39.145027],[-76.776298,39.146475],[-76.779615,39.147735],[-76.767098,39.162384],[-76.763253,39.161349],[-76.759151,39.159651],[-76.76133,39.156383],[-76.765531,39.152469],[-76.763144,39.150069],[-76.758175,39.146404],[-76.757649,39.143629],[-76.758994,39.141805],[-76.758101,39.141561],[-76.755445,39.140054],[-76.759309,39.132564],[-76.76429,39.125393],[-76.767823,39.121632],[-76.771973,39.118209],[-76.777737,39.114251],[-76.778055,39.114298],[-76.780432,39.117931],[-76.790498,39.1255],[-76.786455,39.129514],[-76.78518,39.132081]]]}},{"type":"Feature","properties":{"i":95,"geoid":"240037401071"},"geometry":{"type":"Polygon","coordinates":[[[-76.73955,39.156819],[-76.735545,39.158259],[-76.733665,39.160983],[-76.73174,39.161928],[-76.731558,39.164277],[-76.728686,39.167283],[-76.726774,39.167990],[-76.721158,39.161402],[-76.71924,39.159607],[-76.715051,39.156840],[-76.715986,39.155286],[-76.718538,39.153399],[-76.720273,39.152567],[-76.7214,39.15402],[-76.724941,39.152759],[-76.731134,39.152786],[-76.735539,39.150800],[-76.738414,39.150370],[-76.740588,39.15124],[-76.74279,39.154002],[-76.73955,39.156819]]]}},{"type":"Feature","properties":{"i":96,"geoid":"240037401072"},"geometry":{"type":"Polygon","coordinates":[[[-76.735403,39.165173],[-76.730546,39.170367],[-76.728057,39.168938],[-76.726774,39.167990],[-76.728686,39.167283],[-76.731558,39.164277],[-76.73174,39.161928],[-76.733665,39.160983],[-76.735545,39.158259],[-76.73955,39.156819],[-76.74279,39.154002],[-76.74403,39.155444],[-76.745096,39.156127],[-76.735403,39.165173]]]}},{"type":"Feature","properties":{"i":97,"geoid":"240037401081"},"geometry":{"type":"Polygon","coordinates":[[[-76.750538,39.150528],[-76.748801,39.152669],[-76.745096,39.156127],[-76.74403,39.155444],[-76.740588,39.15124],[-76.738414,39.150370],[-76.735539,39.150800],[-76.731134,39.152786],[-76.724941,39.152759],[-76.7214,39.15402],[-76.720273,39.152567],[-76.726201,39.146688],[-76.72836,39.142244],[-76.732004,39.139948],[-76.734109,39.137378],[-76.735318,39.133139],[-76.738286,39.130495],[-76.739043,39.131073],[-76.743685,39.133656],[-76.75062,39.137197],[-76.755445,39.140054],[-76.750538,39.150528]]]}},{"type":"Feature","properties":{"i":98,"geoid":"240037402031"},"geometry":{"type":"Polygon","coordinates":[[[-76.682439,39.109457],[-76.681969,39.112240],[-76.683212,39.114731],[-76.684953,39.128074],[-76.683637,39.133278],[-76.684081,39.136507],[-76.678829,39.135300],[-76.672707,39.134455],[-76.673399,39.132002],[-76.677716,39.124205],[-76.675941,39.121388],[-76.672902,39.118852],[-76.670231,39.118456],[-76.668517,39.119037],[-76.667086,39.117885],[-76.667242,39.116578],[-76.666375,39.114429],[-76.667102,39.111612],[-76.663831,39.111084],[-76.662111,39.109981],[-76.666722,39.110009],[-76.669485,39.109702],[-76.669816,39.108576],[-76.672157,39.108659],[-76.674469,39.106593],[-76.675801,39.106269],[-76.677275,39.103728],[-76.680432,39.102119],[-76.683752,39.102607],[-76.685541,39.101981],[-76.685744,39.103702],[-76.682439,39.109457]]]}},{"type":"Feature","properties":{"i":99,"geoid":"240037402032"},"geometry":{"type":"Polygon","coordinates":[[[-76.675459,39.128169],[-76.666756,39.126034],[-76.656945,39.122204],[-76.656017,39.121240],[-76.6567,39.119664],[-76.652775,39.119250],[-76.646908,39.117598],[-76.650896,39.109064],[-76.651534,39.108285],[-76.65146,39.110554],[-76.653054,39.109034],[-76.658482,39.108195],[-76.662111,39.109981],[-76.663831,39.111084],[-76.667102,39.111612],[-76.666375,39.114429],[-76.667242,39.116578],[-76.667086,39.117885],[-76.668517,39.119037],[-76.670231,39.118456],[-76.672902,39.118852],[-76.675941,39.121388],[-76.677716,39.124205],[-76.675459,39.128169]]]}},{"type":"Feature","properties":{"i":100,"geoid":"240037402033"},"geometry":{"type":"Polygon","coordinates":[[[-76.672707,39.134455],[-76.665777,39.136131],[-76.656946,39.136893],[-76.655458,39.137542],[-76.655642,39.135581],[-76.659216,39.133294],[-76.656561,39.130787],[-76.645488,39.126410],[-76.644395,39.125755],[-76.642651,39.125662],[-76.642975,39.124854],[-76.646288,39.119464],[-76.646908,39.117598],[-76.652775,39.119250],[-76.6567,39.119664],[-76.656017,39.121240],[-76.656945,39.122204],[-76.666756,39.126034],[-76.675459,39.128169],[-76.673399,39.132002],[-76.672707,39.134455]]]}},{"type":"Feature","properties":{"i":101,"geoid":"240037402041"},"geometry":{"type":"Polygon","coordinates":[[[-76.64893,39.140121],[-76.64889,39.141154],[-76.64798,39.141339],[-76.646299,39.138582],[-76.647526,39.138180],[-76.648415,39.137658],[-76.649399,39.136689],[-76.650519,39.137244],[-76.649857,39.139802],[-76.64893,39.140121]]]}},{"type":"Feature","properties":{"i":102,"geoid":"240037402042"},"geometry":{"type":"Polygon","coordinates":[[[-76.659759,39.153837],[-76.655547,39.156032],[-76.653297,39.15618],[-76.652948,39.157211],[-76.649014,39.158495],[-76.644943,39.159176],[-76.645503,39.155684],[-76.643625,39.135842],[-76.642786,39.13218],[-76.641211,39.128042],[-76.642651,39.125662],[-76.644395,39.125755],[-76.645488,39.126410],[-76.644446,39.128410],[-76.645617,39.12886],[-76.644745,39.130873],[-76.64367,39.130647],[-76.645235,39.133580],[-76.644649,39.135039],[-76.646299,39.138582],[-76.64798,39.141339],[-76.648945,39.142586],[-76.650405,39.141681],[-76.653975,39.145706],[-76.655625,39.150278],[-76.657661,39.151277],[-76.660537,39.150489],[-76.660557,39.151042],[-76.659759,39.153837]]]}},{"type":"Feature","properties":{"i":103,"geoid":"240037402043"},"geometry":{"type":"Polygon","coordinates":[[[-76.655642,39.135581],[-76.655458,39.137542],[-76.653474,39.139600],[-76.648945,39.142586],[-76.64798,39.141339],[-76.64889,39.141154],[-76.64893,39.140121],[-76.649857,39.139802],[-76.650519,39.137244],[-76.649399,39.136689],[-76.648415,39.137658],[-76.647526,39.138180],[-76.646299,39.138582],[-76.644649,39.135039],[-76.645235,39.133580],[-76.64367,39.130647],[-76.644745,39.130873],[-76.645617,39.12886],[-76.644446,39.128410],[-76.645488,39.126410],[-76.656561,39.130787],[-76.659216,39.133294],[-76.655642,39.135581]]]}},{"type":"Feature","properties":{"i":104,"geoid":"240037402051"},"geometry":{"type":"Polygon","coordinates":[[[-76.642376,39.159717],[-76.6428,39.159308],[-76.642536,39.154609],[-76.642011,39.151605],[-76.638334,39.148733],[-76.643106,39.142870],[-76.642937,39.140089],[-76.640047,39.139961],[-76.636351,39.142276],[-76.632427,39.141239],[-76.633384,39.137483],[-76.63446,39.135556],[-76.639099,39.130890],[-76.640112,39.129737],[-76.641211,39.128042],[-76.642786,39.13218],[-76.643625,39.135842],[-76.645503,39.155684],[-76.644943,39.159176],[-76.642376,39.159717]]]}},{"type":"Feature","properties":{"i":105,"geoid":"240037402052"},"geometry":{"type":"Polygon","coordinates":[[[-76.638334,39.148733],[-76.635165,39.145945],[-76.633526,39.146153],[-76.631631,39.144421],[-76.632427,39.141239],[-76.636351,39.142276],[-76.640047,39.139961],[-76.642937,39.140089],[-76.643106,39.142870],[-76.638334,39.148733]]]}},{"type":"Feature","properties":{"i":106,"geoid":"240037403031"},"geometry":{"type":"Polygon","coordinates":[[[-76.692616,39.137260],[-76.684081,39.136507],[-76.683637,39.133278],[-76.684953,39.128074],[-76.68399,39.121509],[-76.690397,39.120837],[-76.691661,39.114500],[-76.693509,39.116106],[-76.695476,39.116522],[-76.696484,39.11805],[-76.695935,39.121345],[-76.694525,39.123267],[-76.695706,39.124521],[-76.695721,39.126298],[-76.697387,39.134482],[-76.696151,39.134709],[-76.692616,39.137260]]]}},{"type":"Feature","properties":{"i":107,"geoid":"240037403032"},"geometry":{"type":"Polygon","coordinates":[[[-76.701287,39.101576],[-76.69577,39.12369],[-76.695706,39.124521],[-76.694525,39.123267],[-76.695935,39.121345],[-76.696484,39.11805],[-76.695476,39.116522],[-76.693509,39.116106],[-76.691661,39.114500],[-76.690397,39.120837],[-76.68399,39.121509],[-76.683212,39.114731],[-76.681969,39.112240],[-76.682439,39.109457],[-76.685744,39.103702],[-76.685541,39.101981],[-76.686353,39.101608],[-76.691343,39.102650],[-76.692302,39.103693],[-76.693514,39.103903],[-76.694092,39.100607],[-76.696748,39.101320],[-76.701287,39.101576]]]}},{"type":"Feature","properties":{"i":108,"geoid":"240037403041"},"geometry":{"type":"Polygon","coordinates":[[[-76.694092,39.100607],[-76.693514,39.103903],[-76.692485,39.103766],[-76.691343,39.102650],[-76.686353,39.101608],[-76.685541,39.101981],[-76.684804,39.100140],[-76.693384,39.100134],[-76.694092,39.100607]]]}},{"type":"Feature","properties":{"i":109,"geoid":"240037403043"},"geometry":{"type":"Polygon","coordinates":[[[-76.70725,39.100150],[-76.704373,39.101068],[-76.701287,39.101576],[-76.696748,39.101320],[-76.694092,39.100607],[-76.693384,39.100134],[-76.70725,39.100150]]]}},{"type":"Feature","properties":{"i":110,"geoid":"240037403051"},"geometry":{"type":"Polygon","coordinates":[[[-76.720207,39.110856],[-76.719598,39.110922],[-76.715003,39.114206],[-76.714197,39.113197],[-76.713358,39.108823],[-76.712853,39.108211],[-76.7144,39.107182],[-76.722398,39.105034],[-76.72421,39.109686],[-76.720207,39.110856]]]}},{"type":"Feature","properties":{"i":111,"geoid":"240037403052"},"geometry":{"type":"Polygon","coordinates":[[[-76.713798,39.119736],[-76.710666,39.120646],[-76.708779,39.116954],[-76.704691,39.111952],[-76.706356,39.110349],[-76.707075,39.110201],[-76.708336,39.110218],[-76.711964,39.112029],[-76.713995,39.112194],[-76.714197,39.113197],[-76.715003,39.114206],[-76.713563,39.114902],[-76.716656,39.117656],[-76.713798,39.119736]]]}},{"type":"Feature","properties":{"i":112,"geoid":"240037403053"},"geometry":{"type":"Polygon","coordinates":[[[-76.711964,39.112029],[-76.708336,39.110218],[-76.707851,39.110169],[-76.706356,39.110349],[-76.704691,39.111952],[-76.703433,39.109733],[-76.701318,39.108119],[-76.699705,39.107675],[-76.701287,39.101576],[-76.704373,39.101068],[-76.70725,39.100150],[-76.707686,39.103295],[-76.709393,39.105694],[-76.712853,39.108211],[-76.713358,39.108823],[-76.713995,39.112194],[-76.711964,39.112029]]]}},{"type":"Feature","properties":{"i":113,"geoid":"240037403054"},"geometry":{"type":"MultiPolygon","coordinates":[[[[-76.720605,39.100201],[-76.718833,39.100111],[-76.720603,39.100109],[-76.720605,39.100201]]],[[[-76.709565,39.102559],[-76.707686,39.103295],[-76.70725,39.100150],[-76.711534,39.100118],[-76.709565,39.102559]]]]}},{"type":"Feature","properties":{"i":114,"geoid":"240037403055"},"geometry":{"type":"Polygon","coordinates":[[[-76.7144,39.107182],[-76.712853,39.108211],[-76.709393,39.105694],[-76.707686,39.103295],[-76.709565,39.102559],[-76.711534,39.100118],[-76.720605,39.100201],[-76.720794,39.101257],[-76.722398,39.105034],[-76.7144,39.107182]]]}},{"type":"Feature","properties":{"i":115,"geoid":"240037404001"},"geometry":{"type":"Polygon","coordinates":[[[-76.779615,39.147735],[-76.776298,39.146475],[-76.774143,39.145027],[-76.773789,39.142599],[-76.768597,39.142065],[-76.768713,39.141364],[-76.772642,39.139386],[-76.773693,39.136557],[-76.772766,39.134836],[-76.771722,39.135495],[-76.769471,39.132813],[-76.769634,39.129652],[-76.770528,39.129861],[-76.775784,39.12683],[-76.778054,39.123972],[-76.781586,39.122772],[-76.780925,39.125385],[-76.780945,39.128740],[-76.781839,39.130662],[-76.780182,39.131556],[-76.779942,39.132628],[-76.78061,39.136115],[-76.780467,39.139849],[-76.782621,39.143811],[-76.781511,39.145498],[-76.779615,39.147735]]]}},{"type":"Feature","properties":{"i":116,"geoid":"240037405011"},"geometry":{"type":"Polygon","coordinates":[[[-76.797982,39.108345],[-76.796735,39.107745],[-76.796026,39.106843],[-76.795842,39.105768],[-76.797341,39.102461],[-76.797866,39.102145],[-76.799999,39.102008],[-76.799999,39.108850],[-76.797982,39.108345]]]}},{"type":"Feature","properties":{"i":117,"geoid":"240037405013"},"geometry":{"type":"Polygon","coordinates":[[[-76.797866,39.102145],[-76.797341,39.102461],[-76.795842,39.105768],[-76.796026,39.106843],[-76.794595,39.107551],[-76.79465,39.10921],[-76.791767,39.107489],[-76.793747,39.104873],[-76.793524,39.103291],[-76.798188,39.100003],[-76.8,39.099999],[-76.799999,39.102008],[-76.797866,39.102145]]]}},{"type":"Feature","properties":{"i":118,"geoid":"240037405021"},"geometry":{"type":"Polygon","coordinates":[[[-76.7957,39.109854],[-76.794516,39.111053],[-76.795321,39.113933],[-76.792428,39.114005],[-76.789582,39.11173],[-76.789599,39.106766],[-76.78803,39.106891],[-76.793524,39.103291],[-76.793747,39.104873],[-76.791767,39.107489],[-76.79465,39.10921],[-76.794595,39.107551],[-76.796026,39.106843],[-76.796735,39.107745],[-76.797982,39.108345],[-76.798189,39.109239],[-76.79822,39.110886],[-76.7957,39.109854]]]}},{"type":"Feature","properties":{"i":119,"geoid":"240037405022"},"geometry":{"type":"Polygon","coordinates":[[[-76.798995,39.111420],[-76.79822,39.110886],[-76.798189,39.109239],[-76.797982,39.108345],[-76.799999,39.108850],[-76.799999,39.113430],[-76.798995,39.111420]]]}},{"type":"Feature","properties":{"i":120,"geoid":"240037405023"},"geometry":{"type":"Polygon","coordinates":[[[-76.797403,39.122578],[-76.794999,39.123248],[-76.790498,39.1255],[-76.780432,39.117931],[-76.778055,39.114298],[-76.781929,39.111726],[-76.78803,39.106891],[-76.789599,39.106766],[-76.789582,39.11173],[-76.792428,39.114005],[-76.795321,39.113933],[-76.794516,39.111053],[-76.7957,39.109854],[-76.79822,39.110886],[-76.798995,39.111420],[-76.799999,39.113430],[-76.799998,39.122312],[-76.797403,39.122578]]]}},{"type":"Feature","properties":{"i":121,"geoid":"240037406011"},"geometry":{"type":"Polygon","coordinates":[[[-76.771973,39.118209],[-76.767823,39.121632],[-76.76429,39.125393],[-76.759309,39.132564],[-76.758507,39.132817],[-76.757269,39.130937],[-76.757409,39.127307],[-76.757692,39.127308],[-76.757292,39.125908],[-76.758697,39.121854],[-76.756006,39.118074],[-76.759702,39.116087],[-76.763276,39.11588],[-76.765009,39.114447],[-76.763271,39.112242],[-76.762052,39.10896],[-76.767137,39.108729],[-76.767498,39.112602],[-76.77123,39.112492],[-76.775322,39.109662],[-76.77542,39.110454],[-76.777737,39.114251],[-76.771973,39.118209]]]}},{"type":"Feature","properties":{"i":122,"geoid":"240037406012"},"geometry":{"type":"Polygon","coordinates":[[[-76.759702,39.116087],[-76.756006,39.118074],[-76.758697,39.121854],[-76.757292,39.125908],[-76.757692,39.127308],[-76.757409,39.127307],[-76.757269,39.130937],[-76.758507,39.132817],[-76.759309,39.132564],[-76.755445,39.140054],[-76.75062,39.137197],[-76.743685,39.133656],[-76.739043,39.131073],[-76.738286,39.130495],[-76.740696,39.128476],[-76.744707,39.125962],[-76.746211,39.123156],[-76.748929,39.115556],[-76.749831,39.114575],[-76.752114,39.112826],[-76.759043,39.111189],[-76.762052,39.10896],[-76.763271,39.112242],[-76.765009,39.114447],[-76.763276,39.11588],[-76.759702,39.116087]]]}},{"type":"Feature","properties":{"i":123,"geoid":"240037406021"},"geometry":{"type":"Polygon","coordinates":[[[-76.738693,39.117567],[-76.737407,39.120581],[-76.730822,39.119890],[-76.735748,39.128163],[-76.732631,39.128632],[-76.728578,39.124690],[-76.726411,39.125354],[-76.720707,39.123093],[-76.717119,39.120826],[-76.719161,39.120392],[-76.716595,39.117707],[-76.719307,39.115736],[-76.725334,39.114374],[-76.734233,39.109409],[-76.739258,39.108331],[-76.739756,39.110818],[-76.738693,39.117567]]]}},{"type":"Feature","properties":{"i":124,"geoid":"240037406022"},"geometry":{"type":"Polygon","coordinates":[[[-76.749629,39.11433],[-76.746246,39.114418],[-76.741933,39.1163],[-76.740218,39.117979],[-76.738693,39.117567],[-76.739756,39.110818],[-76.739258,39.108331],[-76.745194,39.107701],[-76.746843,39.112097],[-76.749547,39.113625],[-76.75007,39.114374],[-76.749831,39.114575],[-76.749629,39.11433]]]}},{"type":"Feature","properties":{"i":125,"geoid":"240037406023"},"geometry":{"type":"Polygon","coordinates":[[[-76.748929,39.115556],[-76.746211,39.123156],[-76.744707,39.125962],[-76.740696,39.128476],[-76.738286,39.130495],[-76.735748,39.128163],[-76.730822,39.119890],[-76.737407,39.120581],[-76.738693,39.117567],[-76.740218,39.117979],[-76.741933,39.1163],[-76.746246,39.114418],[-76.749629,39.11433],[-76.749831,39.114575],[-76.748929,39.115556]]]}},{"type":"Feature","properties":{"i":126,"geoid":"240037406032"},"geometry":{"type":"Polygon","coordinates":[[[-76.77123,39.112492],[-76.767498,39.112602],[-76.767137,39.108729],[-76.762052,39.10896],[-76.759043,39.111189],[-76.752114,39.112826],[-76.75007,39.114374],[-76.749547,39.113625],[-76.746843,39.112097],[-76.745194,39.107701],[-76.739258,39.108331],[-76.734233,39.109409],[-76.725334,39.114374],[-76.719307,39.115736],[-76.716656,39.117656],[-76.713563,39.114902],[-76.715003,39.114206],[-76.719598,39.110922],[-76.720207,39.110856],[-76.72421,39.109686],[-76.720794,39.101257],[-76.720603,39.100109],[-76.769497,39.100048],[-76.774654,39.108211],[-76.775322,39.109662],[-76.77123,39.112492]]]}},{"type":"Feature","properties":{"i":127,"geoid":"240037410001"},"geometry":{"type":"Polygon","coordinates":[[[-76.683752,39.102607],[-76.680432,39.102119],[-76.677275,39.103728],[-76.675801,39.106269],[-76.674469,39.106593],[-76.672157,39.108659],[-76.669816,39.108576],[-76.669485,39.109702],[-76.666722,39.110009],[-76.662111,39.109981],[-76.658482,39.108195],[-76.653054,39.109034],[-76.65146,39.110554],[-76.651534,39.108285],[-76.654132,39.104501],[-76.65418,39.103366],[-76.653149,39.100932],[-76.653146,39.100159],[-76.684804,39.100140],[-76.685541,39.101981],[-76.683752,39.102607]]]}},{"type":"Feature","properties":{"i":128,"geoid":"240037410002"},"geometry":{"type":"Polygon","coordinates":[[[-76.653149,39.100932],[-76.65418,39.103366],[-76.654132,39.104501],[-76.650896,39.109064],[-76.646908,39.117598],[-76.646288,39.119464],[-76.641211,39.128042],[-76.636988,39.118759],[-76.63261,39.110968],[-76.630451,39.106050],[-76.628664,39.100168],[-76.653146,39.100159],[-76.653149,39.100932]]]}},{"type":"Feature","properties":{"i":129,"geoid":"240037501011"},"geometry":{"type":"Polygon","coordinates":[[[-76.609755,39.224212],[-76.60855,39.221988],[-76.606887,39.222653],[-76.605928,39.221013],[-76.603805,39.218848],[-76.605211,39.218503],[-76.614294,39.218087],[-76.613729,39.223986],[-76.609755,39.224212]]]}},{"type":"Feature","properties":{"i":130,"geoid":"240037501012"},"geometry":{"type":"Polygon","coordinates":[[[-76.612324,39.231839],[-76.611679,39.234387],[-76.609638,39.232628],[-76.606916,39.229768],[-76.604725,39.227916],[-76.608043,39.226506],[-76.608528,39.227236],[-76.610551,39.226401],[-76.61348,39.226617],[-76.613271,39.229264],[-76.612324,39.231839]]]}},{"type":"Feature","properties":{"i":131,"geoid":"240037501013"},"geometry":{"type":"Polygon","coordinates":[[[-76.610551,39.226401],[-76.608528,39.227236],[-76.608043,39.226506],[-76.609173,39.226032],[-76.606887,39.222653],[-76.60855,39.221988],[-76.609755,39.224212],[-76.613729,39.223986],[-76.61348,39.226617],[-76.610551,39.226401]]]}},{"type":"Feature","properties":{"i":132,"geoid":"240037501014"},"geometry":{"type":"Polygon","coordinates":[[[-76.604725,39.227916],[-76.600665,39.223734],[-76.597923,39.221268],[-76.603805,39.218848],[-76.605928,39.221013],[-76.609173,39.226032],[-76.604725,39.227916]]]}},{"type":"Feature","properties":{"i":133,"geoid":"240037501021"},"geometry":{"type":"Polygon","coordinates":[[[-76.618612,39.237398],[-76.611679,39.234387],[-76.612324,39.231839],[-76.613271,39.229264],[-76.619564,39.229632],[-76.620716,39.228802],[-76.621325,39.227525],[-76.624908,39.224402],[-76.624484,39.229264],[-76.626921,39.228524],[-76.624687,39.230552],[-76.618612,39.237398]],[[-76.618935,39.230213],[-76.61685,39.232016],[-76.614387,39.233139],[-76.619013,39.235378],[-76.619918,39.232915],[-76.619198,39.230560],[-76.618935,39.230213]]]}},{"type":"Feature","properties":{"i":134,"geoid":"240037501022"},"geometry":{"type":"Polygon","coordinates":[[[-76.619013,39.235378],[-76.614387,39.233139],[-76.61685,39.232016],[-76.618935,39.230213],[-76.619198,39.230560],[-76.619918,39.232915],[-76.619013,39.235378]]]}},{"type":"Feature","properties":{"i":135,"geoid":"240037502011"},"geometry":{"type":"Polygon","coordinates":[[[-76.637791,39.209399],[-76.634447,39.209725],[-76.62523,39.213671],[-76.625384,39.207758],[-76.626146,39.206989],[-76.630621,39.204304],[-76.631546,39.202731],[-76.634262,39.202952],[-76.641679,39.206347],[-76.642051,39.209274],[-76.637791,39.209399]]]}},{"type":"Feature","properties":{"i":136,"geoid":"240037502012"},"geometry":{"type":"Polygon","coordinates":[[[-76.642063,39.221748],[-76.641409,39.225580],[-76.639943,39.224362],[-76.637142,39.223497],[-76.631527,39.223861],[-76.630117,39.224589],[-76.626921,39.228524],[-76.624484,39.229264],[-76.625448,39.216845],[-76.62523,39.213671],[-76.634447,39.209725],[-76.637791,39.209399],[-76.642051,39.209274],[-76.64296,39.213592],[-76.644665,39.216414],[-76.644683,39.216935],[-76.642063,39.221748]]]}},{"type":"Feature","properties":{"i":137,"geoid":"240037502041"},"geometry":{"type":"Polygon","coordinates":[[[-76.624908,39.224402],[-76.621325,39.227525],[-76.620716,39.228802],[-76.619564,39.229632],[-76.613271,39.229264],[-76.614543,39.215802],[-76.621172,39.215436],[-76.62523,39.213671],[-76.625448,39.216845],[-76.624908,39.224402]]]}},{"type":"Feature","properties":{"i":138,"geoid":"240037502042"},"geometry":{"type":"Polygon","coordinates":[[[-76.626146,39.206989],[-76.625384,39.207758],[-76.62523,39.213671],[-76.621172,39.215436],[-76.614543,39.215802],[-76.61503,39.211625],[-76.614481,39.206335],[-76.61996,39.205692],[-76.631546,39.202731],[-76.630621,39.204304],[-76.626146,39.206989]]]}},{"type":"Feature","properties":{"i":139,"geoid":"240037502043"},"geometry":{"type":"Polygon","coordinates":[[[-76.614294,39.218087],[-76.605211,39.218503],[-76.603805,39.218848],[-76.597923,39.221268],[-76.588226,39.212257],[-76.584077,39.207921],[-76.584996,39.207832],[-76.590217,39.206338],[-76.607759,39.206957],[-76.614481,39.206335],[-76.61503,39.211625],[-76.614294,39.218087]]]}},{"type":"Feature","properties":{"i":140,"geoid":"240037503001"},"geometry":{"type":"Polygon","coordinates":[[[-76.66173,39.231135],[-76.65866,39.23101],[-76.650522,39.229465],[-76.647219,39.229035],[-76.645548,39.228572],[-76.643683,39.22771],[-76.641409,39.225580],[-76.642063,39.221748],[-76.644683,39.216935],[-76.644665,39.216414],[-76.653106,39.219849],[-76.65183,39.222391],[-76.652576,39.222869],[-76.658346,39.219245],[-76.662952,39.226753],[-76.665417,39.23027],[-76.664535,39.230645],[-76.66173,39.231135]]]}},{"type":"Feature","properties":{"i":141,"geoid":"240037503002"},"geometry":{"type":"Polygon","coordinates":[[[-76.652576,39.222869],[-76.65183,39.222391],[-76.653106,39.219849],[-76.644665,39.216414],[-76.64296,39.213592],[-76.642051,39.209274],[-76.641679,39.206347],[-76.648783,39.210254],[-76.652514,39.212591],[-76.656736,39.216719],[-76.658346,39.219245],[-76.652576,39.222869]]]}},{"type":"Feature","properties":{"i":142,"geoid":"240037504001"},"geometry":{"type":"Polygon","coordinates":[[[-76.654993,39.195510],[-76.656526,39.198545],[-76.653454,39.203311],[-76.652057,39.207417],[-76.648783,39.210254],[-76.641679,39.206347],[-76.641764,39.197813],[-76.645987,39.198069],[-76.652802,39.195855],[-76.655224,39.194485],[-76.656827,39.194967],[-76.654993,39.195510]]]}},{"type":"Feature","properties":{"i":143,"geoid":"240037504002"},"geometry":{"type":"Polygon","coordinates":[[[-76.634262,39.202952],[-76.631546,39.202731],[-76.632201,39.198440],[-76.634377,39.197225],[-76.636241,39.196785],[-76.638704,39.196760],[-76.641764,39.197813],[-76.641679,39.206347],[-76.634262,39.202952]]]}},{"type":"Feature","properties":{"i":144,"geoid":"240037504003"},"geometry":{"type":"Polygon","coordinates":[[[-76.658346,39.219245],[-76.656736,39.216719],[-76.652514,39.212591],[-76.648783,39.210254],[-76.652057,39.207417],[-76.653454,39.203311],[-76.656526,39.198545],[-76.657352,39.200138],[-76.658424,39.205572],[-76.659528,39.208631],[-76.662064,39.213254],[-76.663583,39.217428],[-76.658346,39.219245]]]}},{"type":"Feature","properties":{"i":145,"geoid":"240037508011"},"geometry":{"type":"Polygon","coordinates":[[[-76.652802,39.195855],[-76.645987,39.198069],[-76.641764,39.197813],[-76.641764,39.192086],[-76.643511,39.192083],[-76.646699,39.194756],[-76.649215,39.193007],[-76.650678,39.194263],[-76.654001,39.191926],[-76.654882,39.194199],[-76.655224,39.194485],[-76.652802,39.195855]]]}},{"type":"Feature","properties":{"i":146,"geoid":"240037508012"},"geometry":{"type":"Polygon","coordinates":[[[-76.641764,39.192086],[-76.641764,39.197813],[-76.638704,39.196760],[-76.636241,39.196785],[-76.634377,39.197225],[-76.632201,39.198440],[-76.633036,39.190695],[-76.632721,39.185147],[-76.633436,39.181129],[-76.636439,39.176245],[-76.638649,39.179387],[-76.640699,39.184857],[-76.642496,39.186691],[-76.641764,39.192086]]]}},{"type":"Feature","properties":{"i":147,"geoid":"240037508013"},"geometry":{"type":"Polygon","coordinates":[[[-76.650678,39.194263],[-76.649215,39.193007],[-76.646699,39.194756],[-76.643511,39.192083],[-76.641764,39.192086],[-76.642496,39.186691],[-76.644042,39.188143],[-76.647847,39.188246],[-76.647988,39.189232],[-76.653088,39.189146],[-76.653563,39.190060],[-76.654001,39.191926],[-76.650678,39.194263]]]}},{"type":"Feature","properties":{"i":148,"geoid":"240037508014"},"geometry":{"type":"Polygon","coordinates":[[[-76.647988,39.189232],[-76.647847,39.188246],[-76.644042,39.188143],[-76.640699,39.184857],[-76.638649,39.179387],[-76.636439,39.176245],[-76.632234,39.171099],[-76.631395,39.170336],[-76.633558,39.169146],[-76.641855,39.166158],[-76.643917,39.165215],[-76.646411,39.164765],[-76.645786,39.170377],[-76.647967,39.174391],[-76.652405,39.183585],[-76.653088,39.189146],[-76.647988,39.189232]]]}},{"type":"Feature","properties":{"i":149,"geoid":"240037508031"},"geometry":{"type":"Polygon","coordinates":[[[-76.625535,39.199851],[-76.624168,39.199947],[-76.623055,39.199724],[-76.622487,39.19944],[-76.621836,39.198723],[-76.620855,39.197168],[-76.619395,39.197203],[-76.619286,39.196596],[-76.618089,39.196537],[-76.617826,39.196915],[-76.616815,39.196919],[-76.616611,39.194518],[-76.616691,39.194009],[-76.617029,39.193618],[-76.62041,39.193498],[-76.623339,39.192169],[-76.62622,39.193479],[-76.626354,39.194353],[-76.626064,39.195589],[-76.626862,39.198763],[-76.625535,39.199851]]]}},{"type":"Feature","properties":{"i":150,"geoid":"240037508032"},"geometry":{"type":"Polygon","coordinates":[[[-76.632335,39.197351],[-76.629997,39.196209],[-76.628469,39.1959],[-76.628848,39.195085],[-76.629006,39.192832],[-76.627829,39.192078],[-76.62607,39.188334],[-76.62459,39.186593],[-76.632721,39.185147],[-76.633036,39.190695],[-76.632335,39.197351]]]}},{"type":"Feature","properties":{"i":151,"geoid":"240037508033"},"geometry":{"type":"Polygon","coordinates":[[[-76.62174,39.202829],[-76.619582,39.202143],[-76.617826,39.196915],[-76.618089,39.196537],[-76.619286,39.196596],[-76.619395,39.197203],[-76.620855,39.197168],[-76.621836,39.198723],[-76.622487,39.19944],[-76.623055,39.199724],[-76.624168,39.199947],[-76.625535,39.199851],[-76.626526,39.200994],[-76.62174,39.202829]]]}},{"type":"Feature","properties":{"i":152,"geoid":"240037508034"},"geometry":{"type":"Polygon","coordinates":[[[-76.632335,39.197351],[-76.631546,39.202731],[-76.61996,39.205692],[-76.614481,39.206335],[-76.613475,39.198309],[-76.616851,39.199307],[-76.616815,39.196919],[-76.617826,39.196915],[-76.619582,39.202143],[-76.62174,39.202829],[-76.626526,39.200994],[-76.625535,39.199851],[-76.626862,39.198763],[-76.626064,39.195589],[-76.626354,39.194353],[-76.628281,39.195398],[-76.628848,39.195085],[-76.628469,39.1959],[-76.629997,39.196209],[-76.632335,39.197351]]]}},{"type":"Feature","properties":{"i":153,"geoid":"240037508041"},"geometry":{"type":"Polygon","coordinates":[[[-76.628281,39.195398],[-76.626354,39.194353],[-76.62622,39.193479],[-76.623339,39.192169],[-76.62041,39.193498],[-76.617029,39.193618],[-76.616691,39.194009],[-76.616611,39.194518],[-76.616851,39.199307],[-76.613475,39.198309],[-76.613763,39.190534],[-76.613652,39.189012],[-76.613945,39.185727],[-76.616627,39.187774],[-76.617568,39.187239],[-76.62459,39.186593],[-76.62607,39.188334],[-76.627829,39.192078],[-76.629006,39.192832],[-76.628848,39.195085],[-76.628281,39.195398]]]}},{"type":"Feature","properties":{"i":154,"geoid":"240037508042"},"geometry":{"type":"Polygon","coordinates":[[[-76.632721,39.185147],[-76.629365,39.185784],[-76.626729,39.182204],[-76.628196,39.175777],[-76.628079,39.173697],[-76.628976,39.170926],[-76.630223,39.170005],[-76.631018,39.17055],[-76.631395,39.170336],[-76.632234,39.171099],[-76.636439,39.176245],[-76.633436,39.181129],[-76.632721,39.185147]]]}},{"type":"Feature","properties":{"i":155,"geoid":"240037508043"},"geometry":{"type":"Polygon","coordinates":[[[-76.628976,39.170926],[-76.628079,39.173697],[-76.628196,39.175777],[-76.626729,39.182204],[-76.629365,39.185784],[-76.62459,39.186593],[-76.617568,39.187239],[-76.616627,39.187774],[-76.613945,39.185727],[-76.613652,39.189012],[-76.612778,39.185551],[-76.613103,39.182969],[-76.614405,39.183216],[-76.621212,39.180139],[-76.621031,39.177206],[-76.623548,39.173312],[-76.627495,39.171931],[-76.629734,39.169669],[-76.630223,39.170005],[-76.628976,39.170926]]]}},{"type":"Feature","properties":{"i":156,"geoid":"240037509001"},"geometry":{"type":"Polygon","coordinates":[[[-76.627495,39.171931],[-76.623548,39.173312],[-76.621031,39.177206],[-76.621212,39.180139],[-76.614405,39.183216],[-76.612905,39.182934],[-76.621811,39.167363],[-76.622218,39.166252],[-76.622337,39.164200],[-76.621949,39.162579],[-76.623344,39.163145],[-76.626487,39.166414],[-76.628448,39.168713],[-76.629734,39.169669],[-76.627495,39.171931]]]}},{"type":"Feature","properties":{"i":157,"geoid":"240037509002"},"geometry":{"type":"Polygon","coordinates":[[[-76.631617,39.163821],[-76.626487,39.166414],[-76.623344,39.163145],[-76.621949,39.162579],[-76.62104,39.160931],[-76.618614,39.158243],[-76.624932,39.157038],[-76.629009,39.15779],[-76.631746,39.160154],[-76.633612,39.161349],[-76.632367,39.16145],[-76.631617,39.163821]]]}},{"type":"Feature","properties":{"i":158,"geoid":"240037509003"},"geometry":{"type":"Polygon","coordinates":[[[-76.643917,39.165215],[-76.641855,39.166158],[-76.633558,39.169146],[-76.631018,39.17055],[-76.628448,39.168713],[-76.626487,39.166414],[-76.631617,39.163821],[-76.632367,39.16145],[-76.633612,39.161349],[-76.638133,39.160094],[-76.642376,39.159717],[-76.644349,39.16078],[-76.646554,39.162845],[-76.646411,39.164765],[-76.643917,39.165215]]]}},{"type":"Feature","properties":{"i":159,"geoid":"240037510001"},"geometry":{"type":"Polygon","coordinates":[[[-76.613496,39.181747],[-76.609086,39.180157],[-76.606219,39.177367],[-76.608821,39.171575],[-76.608326,39.168343],[-76.609725,39.166635],[-76.610303,39.162221],[-76.611701,39.162453],[-76.61093,39.16874],[-76.61147,39.168644],[-76.615518,39.166084],[-76.619101,39.165253],[-76.622218,39.166252],[-76.621811,39.167363],[-76.613496,39.181747]]]}},{"type":"Feature","properties":{"i":160,"geoid":"240037510002"},"geometry":{"type":"Polygon","coordinates":[[[-76.615256,39.160370],[-76.612275,39.160539],[-76.611701,39.162453],[-76.610303,39.162221],[-76.609725,39.166635],[-76.608326,39.168343],[-76.608821,39.171575],[-76.606219,39.177367],[-76.605662,39.172607],[-76.604398,39.167082],[-76.604416,39.164188],[-76.602888,39.159899],[-76.59986,39.156961],[-76.600293,39.156194],[-76.602863,39.157452],[-76.607023,39.157201],[-76.611647,39.159117],[-76.61309,39.158208],[-76.617018,39.156716],[-76.618109,39.157675],[-76.62104,39.160931],[-76.621949,39.162579],[-76.615256,39.160370]]]}},{"type":"Feature","properties":{"i":161,"geoid":"240037510003"},"geometry":{"type":"Polygon","coordinates":[[[-76.619101,39.165253],[-76.615518,39.166084],[-76.61147,39.168644],[-76.61093,39.16874],[-76.611701,39.162453],[-76.612275,39.160539],[-76.615256,39.160370],[-76.621949,39.162579],[-76.622337,39.164200],[-76.622218,39.166252],[-76.619101,39.165253]]]}},{"type":"Feature","properties":{"i":162,"geoid":"240037511021"},"geometry":{"type":"Polygon","coordinates":[[[-76.607759,39.206957],[-76.600758,39.206757],[-76.60135,39.204967],[-76.602205,39.199717],[-76.603366,39.199945],[-76.607331,39.199048],[-76.609002,39.199082],[-76.609294,39.197387],[-76.609061,39.193854],[-76.613348,39.193807],[-76.613652,39.189012],[-76.613763,39.190534],[-76.613417,39.197586],[-76.614481,39.206335],[-76.607759,39.206957]]]}},{"type":"Feature","properties":{"i":163,"geoid":"240037511022"},"geometry":{"type":"Polygon","coordinates":[[[-76.613348,39.193807],[-76.60314,39.193922],[-76.60135,39.204967],[-76.600758,39.206757],[-76.590217,39.206338],[-76.584996,39.207832],[-76.584077,39.207921],[-76.58328,39.207404],[-76.580287,39.206606],[-76.573487,39.193509],[-76.576588,39.186909],[-76.584451,39.186373],[-76.587290,39.185217],[-76.593321,39.180986],[-76.595779,39.18038],[-76.596577,39.176858],[-76.598252,39.176232],[-76.599185,39.175237],[-76.600878,39.171626],[-76.604948,39.169719],[-76.605662,39.172607],[-76.606219,39.177367],[-76.609086,39.180157],[-76.613496,39.181747],[-76.612905,39.182934],[-76.613103,39.182969],[-76.612778,39.185551],[-76.613652,39.189012],[-76.613348,39.193807]]]}},{"type":"Feature","properties":{"i":164,"geoid":"240037511023"},"geometry":{"type":"Polygon","coordinates":[[[-76.609002,39.199082],[-76.607331,39.199048],[-76.603366,39.199945],[-76.602205,39.199717],[-76.60314,39.193922],[-76.609061,39.193854],[-76.609294,39.197387],[-76.609002,39.199082]]]}},{"type":"Feature","properties":{"i":165,"geoid":"240037511031"},"geometry":{"type":"Polygon","coordinates":[[[-76.596577,39.176858],[-76.595779,39.18038],[-76.593321,39.180986],[-76.587290,39.185217],[-76.584451,39.186373],[-76.576588,39.186909],[-76.581588,39.180108],[-76.583188,39.177408],[-76.584974,39.17188],[-76.587997,39.173228],[-76.594517,39.175756],[-76.598266,39.176195],[-76.596577,39.176858]]]}},{"type":"Feature","properties":{"i":166,"geoid":"240037511032"},"geometry":{"type":"Polygon","coordinates":[[[-76.599185,39.175237],[-76.598252,39.176232],[-76.59724,39.176641],[-76.598266,39.176195],[-76.594517,39.175756],[-76.587997,39.173228],[-76.589864,39.171271],[-76.59041,39.16887],[-76.591832,39.166704],[-76.599903,39.169901],[-76.603797,39.170272],[-76.600878,39.171626],[-76.599185,39.175237]]]}},{"type":"Feature","properties":{"i":167,"geoid":"240037511033"},"geometry":{"type":"Polygon","coordinates":[[[-76.601885,39.166043],[-76.599752,39.162923],[-76.597495,39.161689],[-76.595201,39.159831],[-76.598973,39.156031],[-76.598791,39.155074],[-76.600293,39.156194],[-76.59986,39.156961],[-76.602888,39.159899],[-76.604416,39.164188],[-76.604387,39.166298],[-76.601885,39.166043]]]}},{"type":"Feature","properties":{"i":168,"geoid":"240037511034"},"geometry":{"type":"Polygon","coordinates":[[[-76.592625,39.166959],[-76.591832,39.166704],[-76.59041,39.16887],[-76.589864,39.171271],[-76.587997,39.173228],[-76.584974,39.17188],[-76.586788,39.167709],[-76.591236,39.161752],[-76.595201,39.159831],[-76.597495,39.161689],[-76.595855,39.162735],[-76.592625,39.166959]]]}},{"type":"Feature","properties":{"i":169,"geoid":"240037511035"},"geometry":{"type":"Polygon","coordinates":[[[-76.603797,39.170272],[-76.599903,39.169901],[-76.592625,39.166959],[-76.595855,39.162735],[-76.597495,39.161689],[-76.599752,39.162923],[-76.601885,39.166043],[-76.604387,39.166298],[-76.604398,39.167082],[-76.604948,39.169719],[-76.603797,39.170272]]]}},{"type":"Feature","properties":{"i":170,"geoid":"240037512001"},"geometry":{"type":"Polygon","coordinates":[[[-76.681395,39.203426],[-76.679193,39.202898],[-76.677526,39.20355],[-76.674676,39.203527],[-76.670943,39.204472],[-76.669773,39.205556],[-76.658424,39.205572],[-76.657352,39.200138],[-76.654993,39.195510],[-76.656827,39.194967],[-76.658714,39.195405],[-76.662687,39.191134],[-76.665556,39.190715],[-76.671071,39.191306],[-76.672312,39.190415],[-76.674204,39.190485],[-76.67489,39.192541],[-76.677916,39.192391],[-76.67883,39.193887],[-76.679878,39.193835],[-76.681821,39.191783],[-76.685222,39.195042],[-76.683031,39.198746],[-76.681395,39.203426]]]}},{"type":"Feature","properties":{"i":171,"geoid":"240037512002"},"geometry":{"type":"Polygon","coordinates":[[[-76.74639,39.179507],[-76.738196,39.179093],[-76.734473,39.180342],[-76.729501,39.183789],[-76.727956,39.184079],[-76.72195,39.183031],[-76.721436,39.185708],[-76.720097,39.187349],[-76.7211,39.189161],[-76.719923,39.189937],[-76.719217,39.191479],[-76.716083,39.191844],[-76.713452,39.193244],[-76.713911,39.194370],[-76.711936,39.197725],[-76.712164,39.201933],[-76.707993,39.203422],[-76.707591,39.205833],[-76.705049,39.206916],[-76.703335,39.210694],[-76.700808,39.212423],[-76.697564,39.212032],[-76.696774,39.213595],[-76.697085,39.214092],[-76.696997,39.217058],[-76.692833,39.219769],[-76.689184,39.221198],[-76.687745,39.221291],[-76.684686,39.220161],[-76.680953,39.220002],[-76.677487,39.221808],[-76.674444,39.225161],[-76.669915,39.228429],[-76.665417,39.23027],[-76.662952,39.226753],[-76.658346,39.219245],[-76.663583,39.217428],[-76.662064,39.213254],[-76.659528,39.208631],[-76.658424,39.205572],[-76.669773,39.205556],[-76.670943,39.204472],[-76.674676,39.203527],[-76.677526,39.20355],[-76.679193,39.202898],[-76.681395,39.203426],[-76.683031,39.198746],[-76.685222,39.195042],[-76.681821,39.191783],[-76.682022,39.190744],[-76.68662,39.191103],[-76.683499,39.188634],[-76.689209,39.185277],[-76.691431,39.182685],[-76.692135,39.181027],[-76.695941,39.164824],[-76.695963,39.163864],[-76.694795,39.159012],[-76.695825,39.158445],[-76.700963,39.158458],[-76.711668,39.158608],[-76.713448,39.159229],[-76.715126,39.157538],[-76.715051,39.156840],[-76.71924,39.159607],[-76.721158,39.161402],[-76.726774,39.167990],[-76.728057,39.168938],[-76.730546,39.170367],[-76.735403,39.165173],[-76.739796,39.166254],[-76.739073,39.169960],[-76.739229,39.174896],[-76.74122,39.176496],[-76.742732,39.177284],[-76.747471,39.178316],[-76.74639,39.179507]]]}},{"type":"Feature","properties":{"i":172,"geoid":"240037514001"},"geometry":{"type":"Polygon","coordinates":[[[-76.655634,39.157694],[-76.652948,39.157211],[-76.653297,39.15618],[-76.655547,39.156032],[-76.659759,39.153837],[-76.660557,39.151042],[-76.660537,39.150489],[-76.657661,39.151277],[-76.655625,39.150278],[-76.653975,39.145706],[-76.650405,39.141681],[-76.653474,39.139600],[-76.655458,39.137542],[-76.656946,39.136893],[-76.665777,39.136131],[-76.672707,39.134455],[-76.668656,39.155208],[-76.655634,39.157694]]]}},{"type":"Feature","properties":{"i":173,"geoid":"240037514002"},"geometry":{"type":"Polygon","coordinates":[[[-76.697387,39.134482],[-76.697274,39.158454],[-76.695825,39.158445],[-76.685687,39.159223],[-76.68272,39.160417],[-76.674868,39.162005],[-76.670768,39.162489],[-76.658106,39.163373],[-76.646411,39.164765],[-76.646554,39.162845],[-76.644349,39.16078],[-76.642376,39.159717],[-76.649014,39.158495],[-76.652948,39.157211],[-76.655634,39.157694],[-76.668656,39.155208],[-76.672707,39.134455],[-76.678829,39.135300],[-76.684081,39.136507],[-76.692616,39.137260],[-76.696151,39.134709],[-76.697387,39.134482]]]}},{"type":"Feature","properties":{"i":174,"geoid":"240037515001"},"geometry":{"type":"Polygon","coordinates":[[[-76.793524,39.103291],[-76.78803,39.106891],[-76.781929,39.111726],[-76.778055,39.114298],[-76.777737,39.114251],[-76.77542,39.110454],[-76.775322,39.109662],[-76.774654,39.108211],[-76.769497,39.100048],[-76.798188,39.100003],[-76.793524,39.103291]]]}},{"type":"Feature","properties":{"i":175,"geoid":"240039800001"},"geometry":{"type":"Polygon","coordinates":[[[-76.692135,39.181027],[-76.691431,39.182685],[-76.689209,39.185277],[-76.683499,39.188634],[-76.68662,39.191103],[-76.682022,39.190744],[-76.681821,39.191783],[-76.679878,39.193835],[-76.67883,39.193887],[-76.677916,39.192391],[-76.67489,39.192541],[-76.674204,39.190485],[-76.672312,39.190415],[-76.671071,39.191306],[-76.665556,39.190715],[-76.662687,39.191134],[-76.658714,39.195405],[-76.655224,39.194485],[-76.654882,39.194199],[-76.654001,39.191926],[-76.653563,39.190060],[-76.653088,39.189146],[-76.652405,39.183585],[-76.647967,39.174391],[-76.645786,39.170377],[-76.646411,39.164765],[-76.658106,39.163373],[-76.670768,39.162489],[-76.674868,39.162005],[-76.68272,39.160417],[-76.685687,39.159223],[-76.695825,39.158445],[-76.694795,39.159012],[-76.695963,39.163864],[-76.695941,39.164824],[-76.692135,39.181027]]]}},{"type":"Feature","properties":{"i":176,"geoid":"240054001001"},"geometry":{"type":"Polygon","coordinates":[[[-76.713914,39.27027],[-76.711327,39.271821],[-76.709672,39.271347],[-76.699902,39.264512],[-76.705321,39.262687],[-76.706592,39.262416],[-76.707941,39.262278],[-76.709807,39.262327],[-76.712424,39.262671],[-76.71531,39.264923],[-76.714622,39.266557],[-76.721415,39.270476],[-76.71872,39.271124],[-76.713914,39.27027]]]}},{"type":"Feature","properties":{"i":177,"geoid":"240054001002"},"geometry":{"type":"Polygon","coordinates":[[[-76.704668,39.271818],[-76.698892,39.272705],[-76.697379,39.272195],[-76.688634,39.268178],[-76.693333,39.266607],[-76.695639,39.267092],[-76.696831,39.269320],[-76.698518,39.270536],[-76.703376,39.271298],[-76.705987,39.268863],[-76.709672,39.271347],[-76.711327,39.271821],[-76.709874,39.272510],[-76.704668,39.271818]]]}},{"type":"Feature","properties":{"i":178,"geoid":"240054001003"},"geometry":{"type":"Polygon","coordinates":[[[-76.698518,39.270536],[-76.696831,39.269320],[-76.695639,39.267092],[-76.693333,39.266607],[-76.699902,39.264512],[-76.705987,39.268863],[-76.703376,39.271298],[-76.698518,39.270536]]]}},{"type":"Feature","properties":{"i":179,"geoid":"240054002001"},"geometry":{"type":"Polygon","coordinates":[[[-76.711054,39.277889],[-76.698892,39.272705],[-76.704668,39.271818],[-76.709874,39.272510],[-76.711327,39.271821],[-76.715931,39.273255],[-76.717232,39.275601],[-76.711054,39.277889]]]}},{"type":"Feature","properties":{"i":180,"geoid":"240054002002"},"geometry":{"type":"Polygon","coordinates":[[[-76.720805,39.274395],[-76.717232,39.275601],[-76.715931,39.273255],[-76.711327,39.271821],[-76.713914,39.27027],[-76.71872,39.271124],[-76.721415,39.270476],[-76.723352,39.271996],[-76.724468,39.273602],[-76.720805,39.274395]]]}},{"type":"Feature","properties":{"i":181,"geoid":"240054004001"},"geometry":{"type":"Polygon","coordinates":[[[-76.737037,39.270837],[-76.731468,39.272061],[-76.729552,39.266305],[-76.729962,39.262629],[-76.733162,39.259493],[-76.736497,39.261936],[-76.733605,39.264419],[-76.735351,39.265802],[-76.737037,39.270837]]]}},{"type":"Feature","properties":{"i":182,"geoid":"240054004002"},"geometry":{"type":"Polygon","coordinates":[[[-76.729962,39.262629],[-76.729552,39.266305],[-76.731468,39.272061],[-76.724468,39.273602],[-76.723352,39.271996],[-76.721415,39.270476],[-76.727845,39.263963],[-76.727023,39.263904],[-76.727508,39.262627],[-76.724666,39.260265],[-76.723293,39.261104],[-76.717336,39.261887],[-76.715671,39.261554],[-76.716722,39.260549],[-76.713976,39.258935],[-76.716665,39.255944],[-76.714119,39.252027],[-76.715912,39.248816],[-76.716111,39.245764],[-76.720456,39.247601],[-76.721089,39.247978],[-76.722057,39.248939],[-76.724569,39.250526],[-76.727071,39.254233],[-76.732296,39.258319],[-76.733162,39.259493],[-76.729962,39.262629]]]}},{"type":"Feature","properties":{"i":183,"geoid":"240054004003"},"geometry":{"type":"Polygon","coordinates":[[[-76.746039,39.268877],[-76.737037,39.270837],[-76.735351,39.265802],[-76.733605,39.264419],[-76.736497,39.261936],[-76.742658,39.266158],[-76.745257,39.267239],[-76.746039,39.268877]]]}},{"type":"Feature","properties":{"i":184,"geoid":"240054004004"},"geometry":{"type":"Polygon","coordinates":[[[-76.742658,39.266158],[-76.736497,39.261936],[-76.739075,39.259638],[-76.737606,39.25778],[-76.740494,39.257005],[-76.741658,39.258075],[-76.741855,39.259813],[-76.743201,39.26014],[-76.745257,39.267239],[-76.742658,39.266158]]]}},{"type":"Feature","properties":{"i":185,"geoid":"240054004005"},"geometry":{"type":"Polygon","coordinates":[[[-76.738984,39.241230],[-76.737981,39.245077],[-76.73982,39.247550],[-76.740027,39.250359],[-76.738777,39.251006],[-76.737613,39.253834],[-76.739353,39.255051],[-76.740494,39.257005],[-76.737606,39.25778],[-76.739075,39.259638],[-76.736497,39.261936],[-76.733611,39.259906],[-76.732296,39.258319],[-76.727071,39.254233],[-76.724569,39.250526],[-76.722057,39.248939],[-76.721089,39.247978],[-76.720456,39.247601],[-76.716111,39.245764],[-76.714787,39.244329],[-76.713693,39.241791],[-76.715552,39.242092],[-76.715087,39.241198],[-76.716149,39.238575],[-76.719544,39.235404],[-76.72008,39.231916],[-76.721739,39.230106],[-76.722851,39.227187],[-76.724567,39.228611],[-76.728391,39.229394],[-76.7299,39.228995],[-76.733453,39.230872],[-76.74007,39.232399],[-76.741897,39.234563],[-76.740605,39.235591],[-76.741938,39.237990],[-76.738984,39.241230]]]}},{"type":"Feature","properties":{"i":186,"geoid":"240054005001"},"geometry":{"type":"Polygon","coordinates":[[[-76.7651,39.257396],[-76.76652,39.259844],[-76.765654,39.262169],[-76.765682,39.264347],[-76.764723,39.265137],[-76.757517,39.267996],[-76.750384,39.268307],[-76.747673,39.268552],[-76.746039,39.268877],[-76.745257,39.267239],[-76.743201,39.26014],[-76.741855,39.259813],[-76.741658,39.258075],[-76.740494,39.257005],[-76.739353,39.255051],[-76.737613,39.253834],[-76.738777,39.251006],[-76.740027,39.250359],[-76.73982,39.247550],[-76.737981,39.245077],[-76.738984,39.241230],[-76.741938,39.237990],[-76.740605,39.235591],[-76.741897,39.234563],[-76.743197,39.236388],[-76.746135,39.238262],[-76.748091,39.240609],[-76.749896,39.241571],[-76.751811,39.244484],[-76.7553,39.246850],[-76.757176,39.247495],[-76.761101,39.247163],[-76.763246,39.246342],[-76.764734,39.247598],[-76.764575,39.249078],[-76.763664,39.250706],[-76.76383,39.251311],[-76.765013,39.252464],[-76.768238,39.252973],[-76.767249,39.253825],[-76.7651,39.257396]]]}},{"type":"Feature","properties":{"i":187,"geoid":"240054006001"},"geometry":{"type":"Polygon","coordinates":[[[-76.711186,39.287394],[-76.711232,39.278797],[-76.711132,39.278262],[-76.713314,39.281538],[-76.71511,39.282983],[-76.711186,39.287394]]]}},{"type":"Feature","properties":{"i":188,"geoid":"240054006002"},"geometry":{"type":"Polygon","coordinates":[[[-76.719457,39.276098],[-76.71511,39.282983],[-76.713314,39.281538],[-76.711132,39.278262],[-76.711054,39.277889],[-76.719266,39.274911],[-76.719457,39.276098]]]}},{"type":"Feature","properties":{"i":189,"geoid":"240054006003"},"geometry":{"type":"Polygon","coordinates":[[[-76.72545,39.28083],[-76.724011,39.281113],[-76.716352,39.281102],[-76.719457,39.276098],[-76.719266,39.274911],[-76.720805,39.274395],[-76.724468,39.273602],[-76.72629,39.278681],[-76.727655,39.279897],[-76.72545,39.28083]]]}},{"type":"Feature","properties":{"i":190,"geoid":"240054007011"},"geometry":{"type":"Polygon","coordinates":[[[-76.721405,39.283694],[-76.719167,39.285259],[-76.715572,39.282142],[-76.716352,39.281102],[-76.724469,39.281060],[-76.724818,39.283473],[-76.721405,39.283694]]]}},{"type":"Feature","properties":{"i":191,"geoid":"240054007012"},"geometry":{"type":"Polygon","coordinates":[[[-76.738846,39.286335],[-76.725106,39.289755],[-76.72311,39.2887],[-76.719167,39.285259],[-76.721405,39.283694],[-76.724818,39.283473],[-76.724469,39.281060],[-76.72545,39.28083],[-76.727655,39.279897],[-76.737171,39.285147],[-76.738846,39.286335]]]}},{"type":"Feature","properties":{"i":192,"geoid":"240054007021"},"geometry":{"type":"Polygon","coordinates":[[[-76.722528,39.290389],[-76.716237,39.291406],[-76.711195,39.291749],[-76.711015,39.289603],[-76.711186,39.287394],[-76.71511,39.282983],[-76.715572,39.282142],[-76.72311,39.2887],[-76.725106,39.289755],[-76.722528,39.290389]]]}},{"type":"Feature","properties":{"i":193,"geoid":"240054008001"},"geometry":{"type":"Polygon","coordinates":[[[-76.738846,39.286335],[-76.737171,39.285147],[-76.731383,39.281945],[-76.733523,39.278372],[-76.733199,39.277341],[-76.734262,39.277049],[-76.74122,39.275931],[-76.745405,39.28087],[-76.744311,39.284994],[-76.738846,39.286335]]]}},{"type":"Feature","properties":{"i":194,"geoid":"240054008002"},"geometry":{"type":"Polygon","coordinates":[[[-76.731383,39.281945],[-76.727655,39.279897],[-76.72629,39.278681],[-76.724468,39.273602],[-76.731468,39.272061],[-76.733523,39.278372],[-76.731383,39.281945]]]}},{"type":"Feature","properties":{"i":195,"geoid":"240054009001"},"geometry":{"type":"Polygon","coordinates":[[[-76.754379,39.281186],[-76.753374,39.283718],[-76.750745,39.283669],[-76.744311,39.284994],[-76.745405,39.28087],[-76.74122,39.275931],[-76.752877,39.273462],[-76.756391,39.273826],[-76.755659,39.275597],[-76.754379,39.281186]]]}},{"type":"Feature","properties":{"i":196,"geoid":"240054010001"},"geometry":{"type":"Polygon","coordinates":[[[-76.739451,39.276304],[-76.734262,39.277049],[-76.733199,39.277341],[-76.731468,39.272061],[-76.74079,39.270015],[-76.74483,39.275161],[-76.739451,39.276304]]]}},{"type":"Feature","properties":{"i":197,"geoid":"240054010002"},"geometry":{"type":"Polygon","coordinates":[[[-76.756391,39.273826],[-76.752877,39.273462],[-76.74483,39.275161],[-76.74079,39.270015],[-76.747673,39.268552],[-76.750384,39.268307],[-76.756644,39.26805],[-76.756872,39.272482],[-76.756391,39.273826]]]}},{"type":"Feature","properties":{"i":198,"geoid":"240054011011"},"geometry":{"type":"Polygon","coordinates":[[[-76.741449,39.297648],[-76.740538,39.295953],[-76.737744,39.293936],[-76.732542,39.297449],[-76.73177,39.296771],[-76.7305,39.294022],[-76.729996,39.293769],[-76.73161,39.292451],[-76.731458,39.288208],[-76.738846,39.286335],[-76.741769,39.290222],[-76.742963,39.297219],[-76.741449,39.297648]]]}},{"type":"Feature","properties":{"i":199,"geoid":"240054011012"},"geometry":{"type":"Polygon","coordinates":[[[-76.729874,39.305309],[-76.721724,39.303835],[-76.716694,39.302273],[-76.719701,39.301015],[-76.729996,39.293769],[-76.7305,39.294022],[-76.73177,39.296771],[-76.731217,39.299004],[-76.732128,39.302048],[-76.729874,39.305309]]]}},{"type":"Feature","properties":{"i":200,"geoid":"240054011013"},"geometry":{"type":"Polygon","coordinates":[[[-76.734878,39.306293],[-76.729874,39.305309],[-76.732128,39.302048],[-76.731217,39.299004],[-76.73177,39.296771],[-76.732542,39.297449],[-76.737744,39.293936],[-76.740538,39.295953],[-76.741449,39.297648],[-76.742963,39.297219],[-76.743982,39.306009],[-76.734878,39.306293]]]}},{"type":"Feature","properties":{"i":201,"geoid":"240054011021"},"geometry":{"type":"Polygon","coordinates":[[[-76.736843,39.318219],[-76.731461,39.317297],[-76.729121,39.31598],[-76.729795,39.311767],[-76.725672,39.311299],[-76.721556,39.311505],[-76.717338,39.311008],[-76.717791,39.307140],[-76.720424,39.307479],[-76.722428,39.306510],[-76.722927,39.304955],[-76.727821,39.305609],[-76.729874,39.305309],[-76.734878,39.306293],[-76.743982,39.306009],[-76.744751,39.312537],[-76.744809,39.317561],[-76.736843,39.318219]]]}},{"type":"Feature","properties":{"i":202,"geoid":"240054011022"},"geometry":{"type":"Polygon","coordinates":[[[-76.743475,39.32185],[-76.735719,39.318906],[-76.728772,39.316644],[-76.725371,39.315254],[-76.724422,39.312837],[-76.718308,39.313046],[-76.715039,39.311135],[-76.712849,39.30774],[-76.711795,39.304448],[-76.714627,39.303389],[-76.716694,39.302273],[-76.721724,39.303835],[-76.729874,39.305309],[-76.727821,39.305609],[-76.722927,39.304955],[-76.722428,39.306510],[-76.720424,39.307479],[-76.717791,39.307140],[-76.717338,39.311008],[-76.721556,39.311505],[-76.725672,39.311299],[-76.729795,39.311767],[-76.729121,39.31598],[-76.731461,39.317297],[-76.736843,39.318219],[-76.744809,39.317561],[-76.744804,39.321943],[-76.743475,39.32185]]]}},{"type":"Feature","properties":{"i":203,"geoid":"240054012001"},"geometry":{"type":"Polygon","coordinates":[[[-76.726102,39.321556],[-76.722875,39.319444],[-76.711119,39.312475],[-76.711185,39.303409],[-76.711795,39.304448],[-76.712849,39.30774],[-76.715039,39.311135],[-76.718308,39.313046],[-76.724422,39.312837],[-76.725371,39.315254],[-76.728772,39.316644],[-76.727955,39.318479],[-76.726102,39.321556]]]}},{"type":"Feature","properties":{"i":204,"geoid":"240054012002"},"geometry":{"type":"Polygon","coordinates":[[[-76.724206,39.323415],[-76.722689,39.323372],[-76.718368,39.326301],[-76.715033,39.324917],[-76.713179,39.324921],[-76.712462,39.325353],[-76.711391,39.327215],[-76.711493,39.320804],[-76.711028,39.318916],[-76.711119,39.312475],[-76.722875,39.319444],[-76.726278,39.32167],[-76.724206,39.323415]]]}},{"type":"Feature","properties":{"i":205,"geoid":"240054013011"},"geometry":{"type":"Polygon","coordinates":[[[-76.719701,39.301015],[-76.716694,39.302273],[-76.714627,39.303389],[-76.711795,39.304448],[-76.711185,39.303409],[-76.71121,39.299777],[-76.713452,39.298742],[-76.716756,39.297690],[-76.72008,39.295292],[-76.723581,39.29827],[-76.719701,39.301015]]]}},{"type":"Feature","properties":{"i":206,"geoid":"240054013012"},"geometry":{"type":"Polygon","coordinates":[[[-76.72008,39.295292],[-76.721932,39.293493],[-76.721734,39.292855],[-76.726112,39.296466],[-76.723581,39.29827],[-76.72008,39.295292]]]}},{"type":"Feature","properties":{"i":207,"geoid":"240054013013"},"geometry":{"type":"Polygon","coordinates":[[[-76.729996,39.293769],[-76.726112,39.296466],[-76.721734,39.292855],[-76.720573,39.291502],[-76.721121,39.290729],[-76.731458,39.288208],[-76.73161,39.292451],[-76.729996,39.293769]]]}},{"type":"Feature","properties":{"i":208,"geoid":"240054013021"},"geometry":{"type":"Polygon","coordinates":[[[-76.721121,39.290729],[-76.718057,39.294509],[-76.716616,39.295073],[-76.715169,39.297250],[-76.715626,39.298125],[-76.713452,39.298742],[-76.71121,39.299777],[-76.711393,39.296805],[-76.711195,39.291749],[-76.716237,39.291406],[-76.722528,39.290389],[-76.721121,39.290729]]]}},{"type":"Feature","properties":{"i":209,"geoid":"240054013022"},"geometry":{"type":"Polygon","coordinates":[[[-76.72008,39.295292],[-76.716756,39.297690],[-76.715626,39.298125],[-76.715169,39.297250],[-76.716616,39.295073],[-76.718057,39.294509],[-76.720573,39.291502],[-76.721734,39.292855],[-76.721932,39.293493],[-76.72008,39.295292]]]}},{"type":"Feature","properties":{"i":210,"geoid":"240054014001"},"geometry":{"type":"Polygon","coordinates":[[[-76.793673,39.267636],[-76.79167,39.265703],[-76.787023,39.262979],[-76.783245,39.262439],[-76.779705,39.26366],[-76.7794,39.264705],[-76.773474,39.268620],[-76.768560,39.272942],[-76.766082,39.275338],[-76.756391,39.273826],[-76.756872,39.272482],[-76.756644,39.26805],[-76.757517,39.267996],[-76.759686,39.267213],[-76.764723,39.265137],[-76.765682,39.264347],[-76.765654,39.262169],[-76.76652,39.259844],[-76.7651,39.257396],[-76.767249,39.253825],[-76.768238,39.252973],[-76.765013,39.252464],[-76.76383,39.251311],[-76.76893,39.252650],[-76.771741,39.255171],[-76.775295,39.256632],[-76.778534,39.256719],[-76.781964,39.258334],[-76.784708,39.261030],[-76.786789,39.261985],[-76.78897,39.263893],[-76.79379,39.265863],[-76.794495,39.266614],[-76.794371,39.267809],[-76.793673,39.267636]]]}},{"type":"Feature","properties":{"i":211,"geoid":"240054015031"},"geometry":{"type":"Polygon","coordinates":[[[-76.785398,39.291087],[-76.784565,39.292634],[-76.778595,39.294989],[-76.769998,39.289092],[-76.763822,39.286253],[-76.765294,39.283179],[-76.767159,39.283422],[-76.76928,39.279018],[-76.772085,39.279762],[-76.776641,39.280713],[-76.775717,39.284151],[-76.776931,39.28503],[-76.777266,39.287386],[-76.778249,39.286986],[-76.778267,39.285211],[-76.780149,39.284909],[-76.77948,39.281352],[-76.783395,39.280905],[-76.783595,39.279004],[-76.787995,39.278304],[-76.785166,39.282855],[-76.785398,39.291087]]]}},{"type":"Feature","properties":{"i":212,"geoid":"240054015032"},"geometry":{"type":"Polygon","coordinates":[[[-76.776028,39.276096],[-76.772926,39.277069],[-76.772085,39.279762],[-76.755659,39.275597],[-76.756391,39.273826],[-76.766082,39.275338],[-76.768560,39.272942],[-76.773474,39.268620],[-76.776828,39.272828],[-76.77799,39.27362],[-76.776028,39.276096]]]}},{"type":"Feature","properties":{"i":213,"geoid":"240054015033"},"geometry":{"type":"Polygon","coordinates":[[[-76.7906,39.272230],[-76.789694,39.273404],[-76.788813,39.277351],[-76.787995,39.278304],[-76.783595,39.279004],[-76.783395,39.280905],[-76.77948,39.281352],[-76.780149,39.284909],[-76.778267,39.285211],[-76.778249,39.286986],[-76.777266,39.287386],[-76.776931,39.28503],[-76.775717,39.284151],[-76.776641,39.280713],[-76.772085,39.279762],[-76.772926,39.277069],[-76.776028,39.276096],[-76.77799,39.27362],[-76.781525,39.275452],[-76.786587,39.276766],[-76.786857,39.274254],[-76.788509,39.274183],[-76.790195,39.272005],[-76.793895,39.270307],[-76.793673,39.267636],[-76.794371,39.267809],[-76.794389,39.270320],[-76.7906,39.272230]]]}},{"type":"Feature","properties":{"i":214,"geoid":"240054015034"},"geometry":{"type":"Polygon","coordinates":[[[-76.790195,39.272005],[-76.788509,39.274183],[-76.786857,39.274254],[-76.786587,39.276766],[-76.781525,39.275452],[-76.77799,39.27362],[-76.776828,39.272828],[-76.773474,39.268620],[-76.7794,39.264705],[-76.779705,39.26366],[-76.783245,39.262439],[-76.787023,39.262979],[-76.79167,39.265703],[-76.793673,39.267636],[-76.793895,39.270307],[-76.790195,39.272005]]]}},{"type":"Feature","properties":{"i":215,"geoid":"240054015035"},"geometry":{"type":"Polygon","coordinates":[[[-76.765294,39.283179],[-76.763822,39.286253],[-76.755677,39.284084],[-76.753374,39.283718],[-76.754379,39.281186],[-76.755659,39.275597],[-76.76928,39.279018],[-76.767159,39.283422],[-76.765294,39.283179]]]}},{"type":"Feature","properties":{"i":216,"geoid":"240054015041"},"geometry":{"type":"Polygon","coordinates":[[[-76.790251,39.306837],[-76.787361,39.307294],[-76.785428,39.307419],[-76.77552,39.306925],[-76.770531,39.307006],[-76.759075,39.308067],[-76.756593,39.308020],[-76.753581,39.307499],[-76.754638,39.305272],[-76.753784,39.302258],[-76.75359,39.297922],[-76.752211,39.291468],[-76.752474,39.290464],[-76.754843,39.291186],[-76.760686,39.294928],[-76.760156,39.299786],[-76.762067,39.300185],[-76.762685,39.300475],[-76.763387,39.301679],[-76.767659,39.303349],[-76.769534,39.302707],[-76.772067,39.302372],[-76.780447,39.299267],[-76.780763,39.297445],[-76.783395,39.298976],[-76.787532,39.300206],[-76.789022,39.302609],[-76.791331,39.303777],[-76.794128,39.303276],[-76.796511,39.305045],[-76.790251,39.306837]]]}},{"type":"Feature","properties":{"i":217,"geoid":"240054015042"},"geometry":{"type":"Polygon","coordinates":[[[-76.767898,39.291256],[-76.768446,39.293410],[-76.768265,39.295139],[-76.767591,39.295173],[-76.762067,39.300185],[-76.760156,39.299786],[-76.760686,39.294928],[-76.754843,39.291186],[-76.752474,39.290464],[-76.753238,39.288774],[-76.752781,39.285573],[-76.753374,39.283718],[-76.755677,39.284084],[-76.763822,39.286253],[-76.762983,39.288365],[-76.768224,39.289834],[-76.7694,39.290383],[-76.769129,39.290963],[-76.767898,39.291256]]]}},{"type":"Feature","properties":{"i":218,"geoid":"240054015043"},"geometry":{"type":"Polygon","coordinates":[[[-76.772067,39.302372],[-76.769534,39.302707],[-76.767659,39.303349],[-76.763387,39.301679],[-76.762685,39.300475],[-76.762067,39.300185],[-76.767591,39.295173],[-76.768265,39.295139],[-76.768446,39.293410],[-76.767898,39.291256],[-76.769129,39.290963],[-76.7694,39.290383],[-76.768224,39.289834],[-76.762983,39.288365],[-76.763822,39.286253],[-76.769998,39.289092],[-76.778595,39.294989],[-76.779145,39.297138],[-76.780763,39.297445],[-76.780447,39.299267],[-76.772067,39.302372]]]}},{"type":"Feature","properties":{"i":219,"geoid":"240054015051"},"geometry":{"type":"Polygon","coordinates":[[[-76.753581,39.307499],[-76.749494,39.30608],[-76.743982,39.306009],[-76.742963,39.297219],[-76.744955,39.296927],[-76.748804,39.298103],[-76.75359,39.297922],[-76.753784,39.302258],[-76.754638,39.305272],[-76.753581,39.307499]]]}},{"type":"Feature","properties":{"i":220,"geoid":"240054015052"},"geometry":{"type":"Polygon","coordinates":[[[-76.753238,39.288774],[-76.752474,39.290464],[-76.749901,39.290967],[-76.745124,39.295046],[-76.744955,39.296927],[-76.742963,39.297219],[-76.741769,39.290222],[-76.738846,39.286335],[-76.744311,39.284994],[-76.750745,39.283669],[-76.753374,39.283718],[-76.752781,39.285573],[-76.753238,39.288774]]]}},{"type":"Feature","properties":{"i":221,"geoid":"240054015053"},"geometry":{"type":"Polygon","coordinates":[[[-76.748804,39.298103],[-76.744955,39.296927],[-76.745124,39.295046],[-76.749901,39.290967],[-76.752474,39.290464],[-76.752211,39.291468],[-76.75359,39.297922],[-76.748804,39.298103]]]}},{"type":"Feature","properties":{"i":222,"geoid":"240054015061"},"geometry":{"type":"Polygon","coordinates":[[[-76.792344,39.31642],[-76.790508,39.316149],[-76.788863,39.317198],[-76.786122,39.317201],[-76.783425,39.319],[-76.783252,39.320235],[-76.779467,39.320907],[-76.777749,39.32188],[-76.775609,39.321651],[-76.770385,39.321888],[-76.765116,39.320815],[-76.762329,39.321035],[-76.758384,39.320544],[-76.757111,39.318184],[-76.758649,39.317157],[-76.760054,39.314316],[-76.76888,39.316116],[-76.768723,39.314781],[-76.774144,39.315326],[-76.775996,39.315125],[-76.78099,39.312462],[-76.78235,39.311892],[-76.787166,39.314403],[-76.792239,39.310429],[-76.792871,39.310349],[-76.792479,39.311482],[-76.794718,39.314277],[-76.792344,39.31642]]]}},{"type":"Feature","properties":{"i":223,"geoid":"240054015062"},"geometry":{"type":"Polygon","coordinates":[[[-76.794031,39.306798],[-76.792871,39.310349],[-76.792239,39.310429],[-76.787166,39.314403],[-76.78235,39.311892],[-76.78099,39.312462],[-76.780992,39.310749],[-76.778407,39.310871],[-76.775851,39.312605],[-76.771774,39.312444],[-76.769125,39.310535],[-76.770068,39.309375],[-76.770531,39.307006],[-76.77552,39.306925],[-76.785428,39.307419],[-76.787361,39.307294],[-76.790251,39.306837],[-76.796511,39.305045],[-76.795724,39.306508],[-76.794031,39.306798]]]}},{"type":"Feature","properties":{"i":224,"geoid":"240054015063"},"geometry":{"type":"Polygon","coordinates":[[[-76.775996,39.315125],[-76.774144,39.315326],[-76.768723,39.314781],[-76.766457,39.312636],[-76.769125,39.310535],[-76.771774,39.312444],[-76.775851,39.312605],[-76.778407,39.310871],[-76.780992,39.310749],[-76.78099,39.312462],[-76.775996,39.315125]]]}},{"type":"Feature","properties":{"i":225,"geoid":"240054015071"},"geometry":{"type":"Polygon","coordinates":[[[-76.751921,39.322393],[-76.74947,39.322416],[-76.744804,39.321943],[-76.744751,39.312537],[-76.743982,39.306009],[-76.749494,39.30608],[-76.753581,39.307499],[-76.753155,39.308687],[-76.754291,39.310672],[-76.756522,39.317071],[-76.758384,39.320544],[-76.751921,39.322393]]]}},{"type":"Feature","properties":{"i":226,"geoid":"240054015072"},"geometry":{"type":"Polygon","coordinates":[[[-76.760054,39.314316],[-76.758649,39.317157],[-76.757111,39.318184],[-76.756522,39.317071],[-76.754291,39.310672],[-76.756433,39.308944],[-76.758241,39.309409],[-76.760143,39.308857],[-76.762364,39.309929],[-76.765703,39.311999],[-76.768565,39.314543],[-76.76888,39.316116],[-76.760054,39.314316]]]}},{"type":"Feature","properties":{"i":227,"geoid":"240054015073"},"geometry":{"type":"Polygon","coordinates":[[[-76.764713,39.308056],[-76.762364,39.309929],[-76.760143,39.308857],[-76.758241,39.309409],[-76.756433,39.308944],[-76.754291,39.310672],[-76.753155,39.308687],[-76.753581,39.307499],[-76.756593,39.308020],[-76.759075,39.308067],[-76.770531,39.307006],[-76.770195,39.308484],[-76.764713,39.308056]]]}},{"type":"Feature","properties":{"i":228,"geoid":"240054015074"},"geometry":{"type":"Polygon","coordinates":[[[-76.769125,39.310535],[-76.766457,39.312636],[-76.765703,39.311999],[-76.762364,39.309929],[-76.764713,39.308056],[-76.770195,39.308484],[-76.770068,39.309375],[-76.769125,39.310535]]]}},{"type":"Feature","properties":{"i":229,"geoid":"240054022021"},"geometry":{"type":"Polygon","coordinates":[[[-76.79126,39.339939],[-76.792896,39.337403],[-76.791994,39.334773],[-76.789416,39.334684],[-76.785069,39.332989],[-76.781248,39.330112],[-76.777738,39.325983],[-76.777749,39.32188],[-76.779467,39.320907],[-76.783252,39.320235],[-76.783425,39.319],[-76.786122,39.317201],[-76.788863,39.317198],[-76.790508,39.316149],[-76.792344,39.31642],[-76.794718,39.314277],[-76.797719,39.315208],[-76.799109,39.315006],[-76.799998,39.315290],[-76.8,39.340000],[-76.79126,39.339939]]]}},{"type":"Feature","properties":{"i":230,"geoid":"240054023031"},"geometry":{"type":"Polygon","coordinates":[[[-76.744858,39.339668],[-76.748967,39.338848],[-76.749614,39.339887],[-76.750464,39.339649],[-76.750415,39.340074],[-76.744892,39.340081],[-76.744858,39.339668]]]}},{"type":"Feature","properties":{"i":231,"geoid":"240054023032"},"geometry":{"type":"Polygon","coordinates":[[[-76.750464,39.339649],[-76.749614,39.339887],[-76.748967,39.338848],[-76.744858,39.339668],[-76.744796,39.333164],[-76.747531,39.334141],[-76.749383,39.335391],[-76.758042,39.339428],[-76.757575,39.340065],[-76.750415,39.340074],[-76.750464,39.339649]]]}},{"type":"Feature","properties":{"i":232,"geoid":"240054023035"},"geometry":{"type":"Polygon","coordinates":[[[-76.758042,39.339428],[-76.759503,39.340062],[-76.757575,39.340065],[-76.758042,39.339428]]]}},{"type":"Feature","properties":{"i":233,"geoid":"240054023041"},"geometry":{"type":"Polygon","coordinates":[[[-76.737892,39.340090],[-76.730930,39.340098],[-76.735766,39.336031],[-76.738192,39.338174],[-76.738413,39.339232],[-76.737892,39.340090]]]}},{"type":"Feature","properties":{"i":234,"geoid":"240054023042"},"geometry":{"type":"Polygon","coordinates":[[[-76.744288,39.340082],[-76.737892,39.340090],[-76.738413,39.339232],[-76.738192,39.338174],[-76.735766,39.336031],[-76.74063,39.334991],[-76.742208,39.331793],[-76.743616,39.332716],[-76.744796,39.333164],[-76.744858,39.339668],[-76.744288,39.340082]]]}},{"type":"Feature","properties":{"i":235,"geoid":"240054023043"},"geometry":{"type":"Polygon","coordinates":[[[-76.744858,39.339668],[-76.744892,39.340081],[-76.744288,39.340082],[-76.744858,39.339668]]]}},{"type":"Feature","properties":{"i":236,"geoid":"240054024031"},"geometry":{"type":"Polygon","coordinates":[[[-76.713703,39.337329],[-76.711025,39.336333],[-76.711462,39.334573],[-76.711391,39.327215],[-76.712462,39.325353],[-76.713179,39.324921],[-76.718634,39.330915],[-76.715392,39.333993],[-76.713703,39.337329]]]}},{"type":"Feature","properties":{"i":237,"geoid":"240054024032"},"geometry":{"type":"Polygon","coordinates":[[[-76.726047,39.327691],[-76.726485,39.332355],[-76.725105,39.334523],[-76.72746,39.338546],[-76.727395,39.340102],[-76.720912,39.340109],[-76.713703,39.337329],[-76.715392,39.333993],[-76.718634,39.330915],[-76.713179,39.324921],[-76.715033,39.324917],[-76.718368,39.326301],[-76.722689,39.323372],[-76.724206,39.323415],[-76.72582,39.323806],[-76.726748,39.323743],[-76.728324,39.327130],[-76.726047,39.327691]]]}},{"type":"Feature","properties":{"i":238,"geoid":"240054024041"},"geometry":{"type":"Polygon","coordinates":[[[-76.735766,39.336031],[-76.733536,39.334655],[-76.729556,39.32981],[-76.729409,39.328692],[-76.730576,39.326533],[-76.732157,39.325086],[-76.742208,39.331793],[-76.74063,39.334991],[-76.735766,39.336031]]]}},{"type":"Feature","properties":{"i":239,"geoid":"240054024042"},"geometry":{"type":"Polygon","coordinates":[[[-76.727842,39.33148],[-76.727455,39.333294],[-76.725105,39.334523],[-76.726485,39.332355],[-76.726047,39.327691],[-76.728324,39.327130],[-76.726748,39.323743],[-76.72582,39.323806],[-76.724206,39.323415],[-76.726278,39.32167],[-76.732157,39.325086],[-76.730576,39.326533],[-76.729409,39.328692],[-76.729556,39.32981],[-76.732731,39.333700],[-76.729925,39.334002],[-76.727842,39.33148]]]}},{"type":"Feature","properties":{"i":240,"geoid":"240054024043"},"geometry":{"type":"Polygon","coordinates":[[[-76.730930,39.340098],[-76.727395,39.340102],[-76.72746,39.338546],[-76.725105,39.334523],[-76.727455,39.333294],[-76.727842,39.33148],[-76.729925,39.334002],[-76.732731,39.333700],[-76.733536,39.334655],[-76.735766,39.336031],[-76.730930,39.340098]]]}},{"type":"Feature","properties":{"i":241,"geoid":"240054024051"},"geometry":{"type":"Polygon","coordinates":[[[-76.734485,39.321359],[-76.730993,39.321747],[-76.728374,39.322883],[-76.726102,39.321556],[-76.727955,39.318479],[-76.728772,39.316644],[-76.735719,39.318906],[-76.736841,39.319392],[-76.734485,39.321359]]]}},{"type":"Feature","properties":{"i":242,"geoid":"240054024052"},"geometry":{"type":"Polygon","coordinates":[[[-76.743616,39.332716],[-76.732157,39.325086],[-76.728374,39.322883],[-76.730993,39.321747],[-76.734485,39.321359],[-76.736841,39.319392],[-76.743475,39.32185],[-76.744804,39.321943],[-76.744796,39.333164],[-76.743616,39.332716]]]}},{"type":"Feature","properties":{"i":243,"geoid":"240054024071"},"geometry":{"type":"Polygon","coordinates":[[[-76.759503,39.340062],[-76.749383,39.335391],[-76.747531,39.334141],[-76.744796,39.333164],[-76.744804,39.321943],[-76.74947,39.322416],[-76.751921,39.322393],[-76.758384,39.320544],[-76.75916,39.322825],[-76.759258,39.326171],[-76.758657,39.329873],[-76.759754,39.333747],[-76.759716,39.334275],[-76.760913,39.338966],[-76.761718,39.340059],[-76.759503,39.340062]]]}},{"type":"Feature","properties":{"i":244,"geoid":"240054024072"},"geometry":{"type":"Polygon","coordinates":[[[-76.760913,39.338966],[-76.759716,39.334275],[-76.763254,39.336272],[-76.76463,39.333843],[-76.768481,39.329933],[-76.768432,39.329679],[-76.769428,39.329613],[-76.769295,39.331504],[-76.773395,39.334503],[-76.776296,39.332504],[-76.780796,39.331304],[-76.781248,39.330112],[-76.785069,39.332989],[-76.789416,39.334684],[-76.791994,39.334773],[-76.792896,39.337403],[-76.791285,39.340014],[-76.761718,39.340059],[-76.760913,39.338966]]]}},{"type":"Feature","properties":{"i":245,"geoid":"240054024081"},"geometry":{"type":"Polygon","coordinates":[[[-76.767867,39.324887],[-76.766379,39.324579],[-76.761141,39.326719],[-76.759258,39.326171],[-76.75916,39.322825],[-76.758384,39.320544],[-76.762329,39.321035],[-76.765116,39.320815],[-76.770385,39.321888],[-76.770563,39.323088],[-76.767867,39.324887]]]}},{"type":"Feature","properties":{"i":246,"geoid":"240054024082"},"geometry":{"type":"Polygon","coordinates":[[[-76.776296,39.332504],[-76.773395,39.334503],[-76.769295,39.331504],[-76.769428,39.329613],[-76.768432,39.329679],[-76.767387,39.329297],[-76.76607,39.328536],[-76.761141,39.326719],[-76.766379,39.324579],[-76.767867,39.324887],[-76.770563,39.323088],[-76.770385,39.321888],[-76.775609,39.321651],[-76.777749,39.32188],[-76.777738,39.325983],[-76.781248,39.330112],[-76.780796,39.331304],[-76.776296,39.332504]]]}},{"type":"Feature","properties":{"i":247,"geoid":"240054024091"},"geometry":{"type":"Polygon","coordinates":[[[-76.758849,39.328592],[-76.759258,39.326171],[-76.761141,39.326719],[-76.76607,39.328536],[-76.762791,39.330020],[-76.758849,39.328592]]]}},{"type":"Feature","properties":{"i":248,"geoid":"240054024092"},"geometry":{"type":"Polygon","coordinates":[[[-76.76463,39.333843],[-76.763254,39.336272],[-76.759716,39.334275],[-76.759754,39.333747],[-76.758657,39.329873],[-76.758849,39.328592],[-76.762791,39.330020],[-76.76607,39.328536],[-76.767387,39.329297],[-76.768432,39.329679],[-76.768481,39.329933],[-76.76463,39.333843]]]}},{"type":"Feature","properties":{"i":249,"geoid":"240054032021"},"geometry":{"type":"Polygon","coordinates":[[[-76.711011,39.336390],[-76.713703,39.337329],[-76.720912,39.340109],[-76.711118,39.340118],[-76.711011,39.336390]]]}},{"type":"Feature","properties":{"i":250,"geoid":"240054201001"},"geometry":{"type":"Polygon","coordinates":[[[-76.50053,39.279692],[-76.492565,39.281439],[-76.490638,39.279814],[-76.487076,39.278481],[-76.489032,39.277093],[-76.489827,39.276041],[-76.4937,39.277904],[-76.496848,39.27662],[-76.496342,39.275515],[-76.500098,39.274499],[-76.499032,39.27141],[-76.502987,39.270592],[-76.502556,39.271488],[-76.503162,39.273874],[-76.505437,39.280653],[-76.50053,39.279692]]]}},{"type":"Feature","properties":{"i":251,"geoid":"240054201002"},"geometry":{"type":"Polygon","coordinates":[[[-76.496342,39.275515],[-76.496848,39.27662],[-76.4937,39.277904],[-76.489827,39.276041],[-76.492044,39.274870],[-76.494018,39.273200],[-76.496122,39.272219],[-76.499032,39.27141],[-76.500098,39.274499],[-76.496342,39.275515]]]}},{"type":"Feature","properties":{"i":252,"geoid":"240054201003"},"geometry":{"type":"Polygon","coordinates":[[[-76.505307,39.288142],[-76.499419,39.284307],[-76.492565,39.281439],[-76.50053,39.279692],[-76.505437,39.280653],[-76.50645,39.283634],[-76.506497,39.28561],[-76.505307,39.288142]]]}},{"type":"Feature","properties":{"i":253,"geoid":"240054202001"},"geometry":{"type":"Polygon","coordinates":[[[-76.503323,39.270023],[-76.499564,39.268475],[-76.499759,39.267887],[-76.499638,39.266184],[-76.500375,39.263595],[-76.501314,39.263012],[-76.50423,39.259781],[-76.508622,39.261756],[-76.50541,39.266544],[-76.503323,39.270023]]]}},{"type":"Feature","properties":{"i":254,"geoid":"240054202002"},"geometry":{"type":"Polygon","coordinates":[[[-76.508622,39.261756],[-76.50423,39.259781],[-76.501314,39.263012],[-76.499306,39.262121],[-76.495384,39.259506],[-76.492984,39.256006],[-76.484484,39.249607],[-76.488578,39.249130],[-76.489887,39.250506],[-76.491738,39.250004],[-76.492456,39.248505],[-76.493811,39.248045],[-76.494917,39.248925],[-76.49778,39.249740],[-76.498511,39.25124],[-76.499267,39.251001],[-76.499065,39.249230],[-76.501075,39.249163],[-76.502268,39.251186],[-76.501073,39.252253],[-76.502499,39.253271],[-76.502682,39.254644],[-76.504857,39.255962],[-76.506785,39.256429],[-76.508476,39.258332],[-76.510585,39.259098],[-76.508622,39.261756]]]}},{"type":"Feature","properties":{"i":255,"geoid":"240054203011"},"geometry":{"type":"Polygon","coordinates":[[[-76.489827,39.276041],[-76.489032,39.277093],[-76.487076,39.278481],[-76.483948,39.277544],[-76.479888,39.277085],[-76.479204,39.276754],[-76.48057,39.272782],[-76.480374,39.271884],[-76.487068,39.272123],[-76.489996,39.27307],[-76.491421,39.272434],[-76.494018,39.273200],[-76.492044,39.274870],[-76.489827,39.276041]]]}},{"type":"Feature","properties":{"i":256,"geoid":"240054203021"},"geometry":{"type":"Polygon","coordinates":[[[-76.494018,39.273200],[-76.491421,39.272434],[-76.489996,39.27307],[-76.487068,39.272123],[-76.480374,39.271884],[-76.478683,39.265406],[-76.487541,39.268014],[-76.486839,39.269451],[-76.488574,39.269969],[-76.488216,39.270694],[-76.482824,39.269890],[-76.490359,39.272142],[-76.491381,39.271628],[-76.494184,39.272293],[-76.494018,39.273200]]]}},{"type":"Feature","properties":{"i":257,"geoid":"240054203022"},"geometry":{"type":"Polygon","coordinates":[[[-76.491381,39.271628],[-76.490359,39.272142],[-76.482824,39.269890],[-76.488216,39.270694],[-76.488574,39.269969],[-76.486839,39.269451],[-76.487541,39.268014],[-76.494719,39.270136],[-76.494184,39.272293],[-76.491381,39.271628]]]}},{"type":"Feature","properties":{"i":258,"geoid":"240054203031"},"geometry":{"type":"Polygon","coordinates":[[[-76.502021,39.270717],[-76.496122,39.272219],[-76.494059,39.273181],[-76.494719,39.270136],[-76.478683,39.265406],[-76.477484,39.261107],[-76.4851,39.263315],[-76.494882,39.266534],[-76.503323,39.270023],[-76.502987,39.270592],[-76.502021,39.270717]]]}},{"type":"Feature","properties":{"i":259,"geoid":"240054204011"},"geometry":{"type":"Polygon","coordinates":[[[-76.487676,39.2615],[-76.486638,39.258758],[-76.482614,39.256613],[-76.483758,39.255284],[-76.487412,39.257842],[-76.488697,39.255693],[-76.49,39.256840],[-76.488837,39.258860],[-76.491037,39.260447],[-76.48884,39.262202],[-76.487676,39.2615]]]}},{"type":"Feature","properties":{"i":260,"geoid":"240054204012"},"geometry":{"type":"Polygon","coordinates":[[[-76.498585,39.264133],[-76.492806,39.259656],[-76.491037,39.260447],[-76.488837,39.258860],[-76.49,39.256840],[-76.488697,39.255693],[-76.487412,39.257842],[-76.482336,39.254285],[-76.48214,39.255749],[-76.479083,39.254005],[-76.484484,39.249607],[-76.492984,39.256006],[-76.495384,39.259506],[-76.499306,39.262121],[-76.501314,39.263012],[-76.500375,39.263595],[-76.498585,39.264133]]]}},{"type":"Feature","properties":{"i":261,"geoid":"240054204013"},"geometry":{"type":"Polygon","coordinates":[[[-76.492706,39.263715],[-76.48884,39.262202],[-76.491037,39.260447],[-76.492806,39.259656],[-76.495241,39.261457],[-76.492706,39.263715]]]}},{"type":"Feature","properties":{"i":262,"geoid":"240054204014"},"geometry":{"type":"Polygon","coordinates":[[[-76.499638,39.266184],[-76.49886,39.266019],[-76.492706,39.263715],[-76.495241,39.261457],[-76.498585,39.264133],[-76.500375,39.263595],[-76.499638,39.266184]]]}},{"type":"Feature","properties":{"i":263,"geoid":"240054204021"},"geometry":{"type":"Polygon","coordinates":[[[-76.487575,39.263056],[-76.485454,39.261718],[-76.4851,39.263315],[-76.477484,39.261107],[-76.477183,39.257706],[-76.479083,39.254005],[-76.48214,39.255749],[-76.482336,39.254285],[-76.483758,39.255284],[-76.482614,39.256613],[-76.486638,39.258758],[-76.487676,39.2615],[-76.48884,39.262202],[-76.487575,39.263056]]]}},{"type":"Feature","properties":{"i":264,"geoid":"240054204022"},"geometry":{"type":"Polygon","coordinates":[[[-76.499564,39.268475],[-76.494882,39.266534],[-76.4851,39.263315],[-76.485454,39.261718],[-76.487575,39.263056],[-76.48884,39.262202],[-76.49886,39.266019],[-76.499638,39.266184],[-76.499759,39.267887],[-76.499564,39.268475]]]}},{"type":"Feature","properties":{"i":265,"geoid":"240054205001"},"geometry":{"type":"Polygon","coordinates":[[[-76.524812,39.294585],[-76.519801,39.292929],[-76.520369,39.292025],[-76.520882,39.291626],[-76.522447,39.290871],[-76.528696,39.288419],[-76.529681,39.288151],[-76.529517,39.297056],[-76.524812,39.294585]]]}},{"type":"Feature","properties":{"i":266,"geoid":"240054205002"},"geometry":{"type":"Polygon","coordinates":[[[-76.529592,39.284851],[-76.529681,39.288151],[-76.526293,39.289363],[-76.524794,39.286482],[-76.521875,39.286581],[-76.521767,39.282907],[-76.524106,39.282745],[-76.529788,39.281527],[-76.529934,39.283081],[-76.529592,39.284851]]]}},{"type":"Feature","properties":{"i":267,"geoid":"240054206001"},"geometry":{"type":"Polygon","coordinates":[[[-76.520882,39.291626],[-76.519772,39.292460],[-76.519252,39.292564],[-76.510984,39.290491],[-76.505307,39.288142],[-76.506497,39.28561],[-76.50645,39.283634],[-76.507045,39.284025],[-76.509497,39.284255],[-76.515761,39.286316],[-76.520196,39.288519],[-76.522447,39.290871],[-76.520882,39.291626]]]}},{"type":"Feature","properties":{"i":268,"geoid":"240054206002"},"geometry":{"type":"Polygon","coordinates":[[[-76.507045,39.284025],[-76.50645,39.283634],[-76.505437,39.280653],[-76.50809,39.280219],[-76.509904,39.281886],[-76.509497,39.284255],[-76.507045,39.284025]]]}},{"type":"Feature","properties":{"i":269,"geoid":"240054206003"},"geometry":{"type":"Polygon","coordinates":[[[-76.522447,39.290871],[-76.520196,39.288519],[-76.515761,39.286316],[-76.509497,39.284255],[-76.509904,39.281886],[-76.50809,39.280219],[-76.51032,39.279877],[-76.516048,39.282503],[-76.521767,39.282907],[-76.521875,39.286581],[-76.524794,39.286482],[-76.526293,39.289363],[-76.522447,39.290871]]]}},{"type":"Feature","properties":{"i":270,"geoid":"240054207011"},"geometry":{"type":"Polygon","coordinates":[[[-76.509591,39.274536],[-76.50784,39.275609],[-76.503162,39.273874],[-76.502556,39.271488],[-76.503323,39.270023],[-76.505876,39.270884],[-76.516206,39.272643],[-76.515297,39.276906],[-76.509591,39.274536]]]}},{"type":"Feature","properties":{"i":271,"geoid":"240054207012"},"geometry":{"type":"Polygon","coordinates":[[[-76.521767,39.282907],[-76.516048,39.282503],[-76.51032,39.279877],[-76.505437,39.280653],[-76.503162,39.273874],[-76.50784,39.275609],[-76.509591,39.274536],[-76.515297,39.276906],[-76.516206,39.272643],[-76.517864,39.272815],[-76.518695,39.27465],[-76.528466,39.281739],[-76.524106,39.282745],[-76.521767,39.282907]]]}},{"type":"Feature","properties":{"i":272,"geoid":"240054207021"},"geometry":{"type":"Polygon","coordinates":[[[-76.528466,39.281739],[-76.518695,39.27465],[-76.517864,39.272815],[-76.529036,39.272201],[-76.529623,39.272306],[-76.529781,39.273100],[-76.529788,39.281527],[-76.528466,39.281739]]]}},{"type":"Feature","properties":{"i":273,"geoid":"240054208001"},"geometry":{"type":"Polygon","coordinates":[[[-76.517864,39.272815],[-76.516206,39.272643],[-76.505876,39.270884],[-76.503323,39.270023],[-76.50541,39.266544],[-76.508774,39.268373],[-76.508278,39.269570],[-76.514237,39.271511],[-76.515038,39.270486],[-76.519231,39.271316],[-76.519305,39.272786],[-76.517864,39.272815]]]}},{"type":"Feature","properties":{"i":274,"geoid":"240054208002"},"geometry":{"type":"Polygon","coordinates":[[[-76.519231,39.271316],[-76.515038,39.270486],[-76.514237,39.271511],[-76.508278,39.269570],[-76.508774,39.268373],[-76.50541,39.266544],[-76.509678,39.260235],[-76.511662,39.260507],[-76.512367,39.259805],[-76.518223,39.263656],[-76.521358,39.266712],[-76.519898,39.267706],[-76.519231,39.271316]]]}},{"type":"Feature","properties":{"i":275,"geoid":"240054208003"},"geometry":{"type":"Polygon","coordinates":[[[-76.529623,39.272306],[-76.529036,39.272201],[-76.519305,39.272786],[-76.519231,39.271316],[-76.519898,39.267706],[-76.521358,39.266712],[-76.524875,39.269168],[-76.529788,39.269722],[-76.529623,39.272306]]]}},{"type":"Feature","properties":{"i":276,"geoid":"240054209001"},"geometry":{"type":"Polygon","coordinates":[[[-76.524875,39.269168],[-76.521358,39.266712],[-76.518223,39.263656],[-76.512367,39.259805],[-76.513104,39.259046],[-76.514753,39.258574],[-76.515956,39.261111],[-76.518007,39.260515],[-76.519037,39.262353],[-76.523003,39.264247],[-76.526991,39.264148],[-76.529788,39.269722],[-76.524875,39.269168]]]}},{"type":"Feature","properties":{"i":277,"geoid":"240054209002"},"geometry":{"type":"Polygon","coordinates":[[[-76.523003,39.264247],[-76.519037,39.262353],[-76.518007,39.260515],[-76.520617,39.259769],[-76.523731,39.261261],[-76.525495,39.260769],[-76.526991,39.264148],[-76.523003,39.264247]]]}},{"type":"Feature","properties":{"i":278,"geoid":"240054209003"},"geometry":{"type":"Polygon","coordinates":[[[-76.520617,39.259769],[-76.515956,39.261111],[-76.514753,39.258574],[-76.523342,39.256322],[-76.525495,39.260769],[-76.523731,39.261261],[-76.520617,39.259769]]]}},{"type":"Feature","properties":{"i":279,"geoid":"240054210001"},"geometry":{"type":"Polygon","coordinates":[[[-76.526991,39.264148],[-76.525495,39.260769],[-76.523094,39.255773],[-76.526436,39.255354],[-76.526668,39.257737],[-76.529758,39.257583],[-76.529788,39.269722],[-76.526991,39.264148]]]}},{"type":"Feature","properties":{"i":280,"geoid":"240054211011"},"geometry":{"type":"Polygon","coordinates":[[[-76.517728,39.257735],[-76.513104,39.259046],[-76.511662,39.260507],[-76.509678,39.260235],[-76.510585,39.259098],[-76.511881,39.256872],[-76.511418,39.253878],[-76.509696,39.252004],[-76.514548,39.251811],[-76.516632,39.254006],[-76.517728,39.257735]]]}},{"type":"Feature","properties":{"i":281,"geoid":"240054211012"},"geometry":{"type":"Polygon","coordinates":[[[-76.517728,39.257735],[-76.516632,39.254006],[-76.514548,39.251811],[-76.521061,39.251464],[-76.523342,39.256322],[-76.517728,39.257735]]]}},{"type":"Feature","properties":{"i":282,"geoid":"240054211021"},"geometry":{"type":"Polygon","coordinates":[[[-76.515706,39.251722],[-76.509696,39.252004],[-76.509375,39.249502],[-76.507871,39.245294],[-76.515048,39.245818],[-76.516134,39.246440],[-76.515706,39.251722]]]}},{"type":"Feature","properties":{"i":283,"geoid":"240054211022"},"geometry":{"type":"Polygon","coordinates":[[[-76.526668,39.257737],[-76.526436,39.255354],[-76.523094,39.255773],[-76.521061,39.251464],[-76.515706,39.251722],[-76.516134,39.246440],[-76.515048,39.245818],[-76.513832,39.244473],[-76.512841,39.243058],[-76.515584,39.243106],[-76.521019,39.241211],[-76.522312,39.24238],[-76.529583,39.240298],[-76.529487,39.247045],[-76.529758,39.257583],[-76.526668,39.257737]]]}},{"type":"Feature","properties":{"i":284,"geoid":"240054212001"},"geometry":{"type":"Polygon","coordinates":[[[-76.510585,39.259098],[-76.508476,39.258332],[-76.506785,39.256429],[-76.504857,39.255962],[-76.502682,39.254644],[-76.502499,39.253271],[-76.501073,39.252253],[-76.502268,39.251186],[-76.501075,39.249163],[-76.499065,39.249230],[-76.499267,39.251001],[-76.498511,39.25124],[-76.49778,39.249740],[-76.494917,39.248925],[-76.493811,39.248045],[-76.492456,39.248505],[-76.491738,39.250004],[-76.489887,39.250506],[-76.488578,39.249130],[-76.490384,39.248607],[-76.490964,39.247976],[-76.494484,39.240005],[-76.498135,39.243693],[-76.496467,39.244563],[-76.496649,39.245553],[-76.49914,39.247210],[-76.499925,39.247226],[-76.501255,39.246452],[-76.503514,39.24626],[-76.504698,39.245635],[-76.505296,39.244370],[-76.507871,39.245294],[-76.509375,39.249502],[-76.509696,39.252004],[-76.511418,39.253878],[-76.511881,39.256872],[-76.510585,39.259098]]]}},{"type":"Feature","properties":{"i":285,"geoid":"240054212002"},"geometry":{"type":"Polygon","coordinates":[[[-76.503514,39.24626],[-76.501255,39.246452],[-76.499925,39.247226],[-76.49914,39.247210],[-76.496649,39.245553],[-76.496467,39.244563],[-76.498135,39.243693],[-76.498608,39.244122],[-76.499144,39.244342],[-76.49993,39.244412],[-76.5037,39.244162],[-76.505296,39.244370],[-76.504698,39.245635],[-76.503514,39.24626]]]}},{"type":"Feature","properties":{"i":286,"geoid":"240054301011"},"geometry":{"type":"Polygon","coordinates":[[[-76.647821,39.245054],[-76.647556,39.243682],[-76.645417,39.243272],[-76.64409,39.242405],[-76.643588,39.240919],[-76.64539,39.236305],[-76.644741,39.235268],[-76.649625,39.235666],[-76.648355,39.243418],[-76.647821,39.245054]]]}},{"type":"Feature","properties":{"i":287,"geoid":"240054301012"},"geometry":{"type":"Polygon","coordinates":[[[-76.644741,39.235268],[-76.64539,39.236305],[-76.643588,39.240919],[-76.64409,39.242405],[-76.645417,39.243272],[-76.647556,39.243682],[-76.647821,39.245054],[-76.646664,39.246799],[-76.644212,39.248923],[-76.640328,39.247029],[-76.64102,39.244151],[-76.641394,39.23739],[-76.641957,39.232049],[-76.641409,39.225580],[-76.643683,39.22771],[-76.645548,39.228572],[-76.647219,39.229035],[-76.650522,39.229465],[-76.649625,39.235666],[-76.644741,39.235268]]]}},{"type":"Feature","properties":{"i":288,"geoid":"240054301041"},"geometry":{"type":"Polygon","coordinates":[[[-76.641394,39.23739],[-76.633237,39.235342],[-76.633178,39.234457],[-76.634659,39.231277],[-76.638314,39.227005],[-76.639943,39.224362],[-76.641409,39.225580],[-76.641957,39.232049],[-76.641394,39.23739]]]}},{"type":"Feature","properties":{"i":289,"geoid":"240054301042"},"geometry":{"type":"Polygon","coordinates":[[[-76.640328,39.247029],[-76.632589,39.243406],[-76.629853,39.242338],[-76.633178,39.234457],[-76.633237,39.235342],[-76.641394,39.23739],[-76.64102,39.244151],[-76.640328,39.247029]]]}},{"type":"Feature","properties":{"i":290,"geoid":"240054302001"},"geometry":{"type":"Polygon","coordinates":[[[-76.65986,39.255509],[-76.647256,39.250059],[-76.644212,39.248923],[-76.646664,39.246799],[-76.647821,39.245054],[-76.648429,39.245223],[-76.651129,39.246709],[-76.655639,39.250953],[-76.658113,39.251391],[-76.662034,39.252508],[-76.663963,39.252543],[-76.66359,39.25294],[-76.65986,39.255509]]]}},{"type":"Feature","properties":{"i":291,"geoid":"240054302002"},"geometry":{"type":"Polygon","coordinates":[[[-76.663963,39.252543],[-76.662034,39.252508],[-76.658113,39.251391],[-76.658301,39.24789],[-76.655651,39.248123],[-76.655362,39.245731],[-76.665147,39.244778],[-76.664556,39.251496],[-76.663963,39.252543]]]}},{"type":"Feature","properties":{"i":292,"geoid":"240054302003"},"geometry":{"type":"Polygon","coordinates":[[[-76.665147,39.244778],[-76.655362,39.245731],[-76.655651,39.248123],[-76.658301,39.24789],[-76.658113,39.251391],[-76.655639,39.250953],[-76.651129,39.246709],[-76.648429,39.245223],[-76.649764,39.243310],[-76.651239,39.243595],[-76.665259,39.242929],[-76.665926,39.242783],[-76.665147,39.244778]]]}},{"type":"Feature","properties":{"i":293,"geoid":"240054303001"},"geometry":{"type":"Polygon","coordinates":[[[-76.661543,39.234337],[-76.661815,39.235498],[-76.663157,39.237532],[-76.654844,39.237642],[-76.654853,39.234946],[-76.652336,39.235310],[-76.650542,39.237355],[-76.649885,39.240556],[-76.65087,39.241231],[-76.649764,39.243310],[-76.648429,39.245223],[-76.647821,39.245054],[-76.648355,39.243418],[-76.650522,39.229465],[-76.65866,39.23101],[-76.66173,39.231135],[-76.664535,39.230645],[-76.661543,39.234337]]]}},{"type":"Feature","properties":{"i":294,"geoid":"240054303002"},"geometry":{"type":"Polygon","coordinates":[[[-76.653171,39.237825],[-76.653551,39.239150],[-76.653731,39.241980],[-76.65087,39.241231],[-76.649885,39.240556],[-76.650542,39.237355],[-76.652336,39.235310],[-76.654853,39.234946],[-76.654844,39.237642],[-76.653171,39.237825]]]}},{"type":"Feature","properties":{"i":295,"geoid":"240054303003"},"geometry":{"type":"Polygon","coordinates":[[[-76.666836,39.241289],[-76.665926,39.242783],[-76.665259,39.242929],[-76.658565,39.243246],[-76.658229,39.239072],[-76.657942,39.238969],[-76.653551,39.239150],[-76.653171,39.237825],[-76.654844,39.237642],[-76.663157,39.237532],[-76.661815,39.235498],[-76.661543,39.234337],[-76.664535,39.230645],[-76.665561,39.230184],[-76.66697,39.232377],[-76.668675,39.239161],[-76.666836,39.241289]]]}},{"type":"Feature","properties":{"i":296,"geoid":"240054303004"},"geometry":{"type":"Polygon","coordinates":[[[-76.651239,39.243595],[-76.649764,39.243310],[-76.65087,39.241231],[-76.653731,39.241980],[-76.653551,39.239150],[-76.657942,39.238969],[-76.658229,39.239072],[-76.658565,39.243246],[-76.651239,39.243595]]]}},{"type":"Feature","properties":{"i":297,"geoid":"240054304001"},"geometry":{"type":"Polygon","coordinates":[[[-76.689142,39.258515],[-76.683541,39.265862],[-76.680025,39.264413],[-76.673432,39.261280],[-76.66261,39.256796],[-76.65986,39.255509],[-76.66359,39.25294],[-76.664556,39.251496],[-76.665317,39.244206],[-76.665926,39.242783],[-76.666836,39.241289],[-76.668675,39.239161],[-76.669889,39.240965],[-76.679213,39.250069],[-76.684693,39.253614],[-76.690413,39.255605],[-76.689142,39.258515]]]}},{"type":"Feature","properties":{"i":298,"geoid":"240054304002"},"geometry":{"type":"Polygon","coordinates":[[[-76.690875,39.253492],[-76.690413,39.255605],[-76.684693,39.253614],[-76.679213,39.250069],[-76.673902,39.244915],[-76.681024,39.240045],[-76.690238,39.238495],[-76.691188,39.238700],[-76.690875,39.253492]]]}},{"type":"Feature","properties":{"i":299,"geoid":"240054304003"},"geometry":{"type":"Polygon","coordinates":[[[-76.691188,39.238700],[-76.690238,39.238495],[-76.681024,39.240045],[-76.673902,39.244915],[-76.669889,39.240965],[-76.668675,39.239161],[-76.67021,39.237722],[-76.678366,39.231782],[-76.692608,39.227578],[-76.691793,39.230553],[-76.691188,39.238700]]]}},{"type":"Feature","properties":{"i":300,"geoid":"240054306001"},"geometry":{"type":"Polygon","coordinates":[[[-76.698586,39.237915],[-76.692327,39.238928],[-76.691188,39.238700],[-76.691793,39.230553],[-76.6955,39.227061],[-76.69671,39.225663],[-76.702078,39.220906],[-76.70179,39.227133],[-76.702203,39.228793],[-76.703477,39.230640],[-76.705328,39.231972],[-76.698586,39.237915]]]}},{"type":"Feature","properties":{"i":301,"geoid":"240054306002"},"geometry":{"type":"Polygon","coordinates":[[[-76.721739,39.230106],[-76.72008,39.231916],[-76.719544,39.235404],[-76.716149,39.238575],[-76.715087,39.241198],[-76.715552,39.242092],[-76.714006,39.241849],[-76.711636,39.236460],[-76.710586,39.235191],[-76.705328,39.231972],[-76.703477,39.230640],[-76.702203,39.228793],[-76.70179,39.227133],[-76.702078,39.220906],[-76.69671,39.225663],[-76.6955,39.227061],[-76.691793,39.230553],[-76.693563,39.223822],[-76.69394,39.218977],[-76.696997,39.217058],[-76.697085,39.214092],[-76.699127,39.212987],[-76.700425,39.213015],[-76.705231,39.215672],[-76.706076,39.218112],[-76.706671,39.221245],[-76.713095,39.221722],[-76.717258,39.225478],[-76.722194,39.226416],[-76.722851,39.227187],[-76.721739,39.230106]]]}},{"type":"Feature","properties":{"i":302,"geoid":"240054307001"},"geometry":{"type":"Polygon","coordinates":[[[-76.694764,39.247201],[-76.692267,39.24754],[-76.691,39.248203],[-76.691188,39.238700],[-76.692327,39.238928],[-76.695605,39.238397],[-76.696714,39.242756],[-76.699498,39.247288],[-76.694764,39.247201]]]}},{"type":"Feature","properties":{"i":303,"geoid":"240054307002"},"geometry":{"type":"Polygon","coordinates":[[[-76.708413,39.246053],[-76.699498,39.247288],[-76.696714,39.242756],[-76.696465,39.241672],[-76.700285,39.241051],[-76.707712,39.241754],[-76.710703,39.240318],[-76.712299,39.241512],[-76.711219,39.245091],[-76.708413,39.246053]]]}},{"type":"Feature","properties":{"i":304,"geoid":"240054307003"},"geometry":{"type":"Polygon","coordinates":[[[-76.712299,39.241512],[-76.710703,39.240318],[-76.707712,39.241754],[-76.700285,39.241051],[-76.696465,39.241672],[-76.696108,39.240547],[-76.703112,39.239457],[-76.70809,39.237148],[-76.710586,39.235191],[-76.711636,39.236460],[-76.714006,39.241849],[-76.712299,39.241512]]]}},{"type":"Feature","properties":{"i":305,"geoid":"240054307004"},"geometry":{"type":"Polygon","coordinates":[[[-76.70809,39.237148],[-76.703112,39.239457],[-76.696108,39.240547],[-76.695605,39.238397],[-76.698586,39.237915],[-76.705328,39.231972],[-76.710586,39.235191],[-76.70809,39.237148]]]}},{"type":"Feature","properties":{"i":306,"geoid":"240054308001"},"geometry":{"type":"Polygon","coordinates":[[[-76.700707,39.255291],[-76.698701,39.257927],[-76.697299,39.257408],[-76.690413,39.255605],[-76.690875,39.253492],[-76.691,39.248203],[-76.692267,39.24754],[-76.694764,39.247201],[-76.697636,39.249152],[-76.69583,39.251219],[-76.700719,39.254217],[-76.700075,39.254731],[-76.700707,39.255291]]]}},{"type":"Feature","properties":{"i":307,"geoid":"240054308002"},"geometry":{"type":"Polygon","coordinates":[[[-76.703956,39.260721],[-76.698701,39.257927],[-76.700707,39.255291],[-76.700075,39.254731],[-76.704152,39.257343],[-76.707163,39.26023],[-76.706095,39.261100],[-76.703956,39.260721]]]}},{"type":"Feature","properties":{"i":308,"geoid":"240054308003"},"geometry":{"type":"Polygon","coordinates":[[[-76.700719,39.254217],[-76.69583,39.251219],[-76.697636,39.249152],[-76.694764,39.247201],[-76.700587,39.247214],[-76.708413,39.246053],[-76.706885,39.248251],[-76.700719,39.254217]]]}},{"type":"Feature","properties":{"i":309,"geoid":"240054309001"},"geometry":{"type":"Polygon","coordinates":[[[-76.694039,39.260689],[-76.695132,39.261354],[-76.692466,39.263863],[-76.693661,39.264737],[-76.692936,39.266735],[-76.688634,39.268178],[-76.686048,39.266884],[-76.684649,39.266457],[-76.683541,39.265862],[-76.689142,39.258515],[-76.690413,39.255605],[-76.697299,39.257408],[-76.694039,39.260689]]]}},{"type":"Feature","properties":{"i":310,"geoid":"240054309002"},"geometry":{"type":"Polygon","coordinates":[[[-76.699902,39.264512],[-76.692936,39.266735],[-76.693661,39.264737],[-76.692466,39.263863],[-76.695132,39.261354],[-76.699902,39.264512]]]}},{"type":"Feature","properties":{"i":311,"geoid":"240054309003"},"geometry":{"type":"Polygon","coordinates":[[[-76.707941,39.262278],[-76.705321,39.262687],[-76.699902,39.264512],[-76.694039,39.260689],[-76.697299,39.257408],[-76.698701,39.257927],[-76.703956,39.260721],[-76.706095,39.261100],[-76.711101,39.262383],[-76.707941,39.262278]]]}},{"type":"Feature","properties":{"i":312,"geoid":"240054404003"},"geometry":{"type":"Polygon","coordinates":[[[-76.528276,39.336533],[-76.529693,39.336141],[-76.529753,39.340150],[-76.525433,39.340148],[-76.528276,39.336533]]]}},{"type":"Feature","properties":{"i":313,"geoid":"240054407011"},"geometry":{"type":"Polygon","coordinates":[[[-76.485706,39.340115],[-76.491776,39.336128],[-76.494151,39.339624],[-76.494115,39.340123],[-76.485706,39.340115]]]}},{"type":"Feature","properties":{"i":314,"geoid":"240054409001"},"geometry":{"type":"Polygon","coordinates":[[[-76.4966,39.339831],[-76.496485,39.339301],[-76.499038,39.337835],[-76.499759,39.335858],[-76.501163,39.336536],[-76.50947,39.339096],[-76.511486,39.340138],[-76.498805,39.340127],[-76.4966,39.339831]]]}},{"type":"Feature","properties":{"i":315,"geoid":"240054409002"},"geometry":{"type":"Polygon","coordinates":[[[-76.494151,39.339624],[-76.491776,39.336128],[-76.495709,39.333534],[-76.499759,39.335858],[-76.499038,39.337835],[-76.496485,39.339301],[-76.4966,39.339831],[-76.498805,39.340127],[-76.494115,39.340123],[-76.494151,39.339624]]]}},{"type":"Feature","properties":{"i":316,"geoid":"240054410001"},"geometry":{"type":"Polygon","coordinates":[[[-76.528276,39.336533],[-76.525433,39.340148],[-76.514782,39.340140],[-76.518779,39.334005],[-76.522373,39.33044],[-76.524928,39.331782],[-76.526935,39.331614],[-76.529685,39.331149],[-76.529693,39.336141],[-76.528276,39.336533]]]}},{"type":"Feature","properties":{"i":317,"geoid":"240054410002"},"geometry":{"type":"Polygon","coordinates":[[[-76.529685,39.331149],[-76.526935,39.331614],[-76.524928,39.331782],[-76.522373,39.33044],[-76.529686,39.323263],[-76.529685,39.331149]]]}},{"type":"Feature","properties":{"i":318,"geoid":"240054411011"},"geometry":{"type":"Polygon","coordinates":[[[-76.512934,39.323344],[-76.513102,39.325364],[-76.509985,39.328306],[-76.510193,39.331134],[-76.5115,39.331768],[-76.512792,39.335189],[-76.509835,39.335875],[-76.508546,39.332436],[-76.505536,39.331344],[-76.505501,39.333358],[-76.502849,39.334721],[-76.501163,39.336536],[-76.495709,39.333534],[-76.514656,39.320787],[-76.512934,39.323344]]]}},{"type":"Feature","properties":{"i":319,"geoid":"240054411012"},"geometry":{"type":"Polygon","coordinates":[[[-76.514360,39.340140],[-76.511486,39.340138],[-76.50947,39.339096],[-76.501163,39.336536],[-76.502849,39.334721],[-76.505501,39.333358],[-76.505536,39.331344],[-76.508546,39.332436],[-76.509835,39.335875],[-76.512792,39.335189],[-76.514759,39.33851],[-76.514165,39.340074],[-76.514360,39.340140]]]}},{"type":"Feature","properties":{"i":320,"geoid":"240054411021"},"geometry":{"type":"Polygon","coordinates":[[[-76.522373,39.33044],[-76.518779,39.334005],[-76.514782,39.340140],[-76.514165,39.340074],[-76.514759,39.33851],[-76.512792,39.335189],[-76.5115,39.331768],[-76.510193,39.331134],[-76.509985,39.328306],[-76.51123,39.328857],[-76.511025,39.330745],[-76.512974,39.329601],[-76.515551,39.329605],[-76.517898,39.328542],[-76.518457,39.329045],[-76.519267,39.328264],[-76.522979,39.328446],[-76.521607,39.329971],[-76.522373,39.33044]]]}},{"type":"Feature","properties":{"i":321,"geoid":"240054411022"},"geometry":{"type":"Polygon","coordinates":[[[-76.516257,39.325115],[-76.517898,39.328542],[-76.515551,39.329605],[-76.512974,39.329601],[-76.511025,39.330745],[-76.51123,39.328857],[-76.509985,39.328306],[-76.513102,39.325364],[-76.512934,39.323344],[-76.514656,39.320787],[-76.515424,39.320266],[-76.519142,39.323987],[-76.518371,39.325467],[-76.516257,39.325115]]]}},{"type":"Feature","properties":{"i":322,"geoid":"240054411023"},"geometry":{"type":"Polygon","coordinates":[[[-76.519267,39.328264],[-76.518457,39.329045],[-76.517898,39.328542],[-76.516257,39.325115],[-76.518371,39.325467],[-76.519142,39.323987],[-76.515424,39.320266],[-76.517922,39.318559],[-76.521086,39.32099],[-76.521999,39.322217],[-76.523061,39.325586],[-76.522979,39.328446],[-76.519267,39.328264]]]}},{"type":"Feature","properties":{"i":323,"geoid":"240054411024"},"geometry":{"type":"Polygon","coordinates":[[[-76.529686,39.323263],[-76.522373,39.33044],[-76.521607,39.329971],[-76.522979,39.328446],[-76.523061,39.325586],[-76.521999,39.322217],[-76.521086,39.32099],[-76.517922,39.318559],[-76.529786,39.310391],[-76.529971,39.319565],[-76.529686,39.323263]]]}},{"type":"Feature","properties":{"i":324,"geoid":"240054501001"},"geometry":{"type":"Polygon","coordinates":[[[-76.513922,39.321271],[-76.491891,39.336037],[-76.488027,39.332370],[-76.491823,39.329591],[-76.496368,39.326681],[-76.503483,39.322864],[-76.511587,39.319079],[-76.513006,39.32013],[-76.513922,39.321271]]]}},{"type":"Feature","properties":{"i":325,"geoid":"240054501002"},"geometry":{"type":"Polygon","coordinates":[[[-76.529786,39.310391],[-76.513922,39.321271],[-76.513006,39.32013],[-76.511587,39.319079],[-76.508145,39.315460],[-76.506524,39.312375],[-76.50265,39.310431],[-76.501427,39.307931],[-76.505385,39.306306],[-76.521476,39.301063],[-76.529786,39.299109],[-76.529786,39.310391]]]}},{"type":"Feature","properties":{"i":326,"geoid":"240054501003"},"geometry":{"type":"Polygon","coordinates":[[[-76.503483,39.322864],[-76.496368,39.326681],[-76.491823,39.329591],[-76.482809,39.336409],[-76.481883,39.334664],[-76.479438,39.332664],[-76.476164,39.330970],[-76.474038,39.330195],[-76.474019,39.328584],[-76.475404,39.325728],[-76.479465,39.323587],[-76.485553,39.319550],[-76.48605,39.317298],[-76.488243,39.314004],[-76.488553,39.311043],[-76.487225,39.311084],[-76.491068,39.306887],[-76.492585,39.303007],[-76.500804,39.304675],[-76.500944,39.306198],[-76.501427,39.307931],[-76.50265,39.310431],[-76.506524,39.312375],[-76.508145,39.315460],[-76.511587,39.319079],[-76.503483,39.322864]]]}},{"type":"Feature","properties":{"i":327,"geoid":"240054502001"},"geometry":{"type":"Polygon","coordinates":[[[-76.487225,39.311084],[-76.488553,39.311043],[-76.488243,39.314004],[-76.48605,39.317298],[-76.485553,39.319550],[-76.479465,39.323587],[-76.475404,39.325728],[-76.474019,39.328584],[-76.470471,39.328894],[-76.469305,39.327922],[-76.469952,39.327594],[-76.470658,39.326725],[-76.475722,39.315798],[-76.482136,39.317611],[-76.484947,39.314086],[-76.484786,39.310509],[-76.483171,39.307855],[-76.484797,39.308298],[-76.487452,39.306843],[-76.488633,39.305035],[-76.484376,39.304244],[-76.489278,39.301947],[-76.492585,39.303007],[-76.491068,39.306887],[-76.487225,39.311084]]]}},{"type":"Feature","properties":{"i":328,"geoid":"240054502002"},"geometry":{"type":"Polygon","coordinates":[[[-76.482136,39.317611],[-76.475722,39.315798],[-76.478213,39.310371],[-76.483811,39.310161],[-76.484786,39.310509],[-76.484947,39.314086],[-76.482136,39.317611]]]}},{"type":"Feature","properties":{"i":329,"geoid":"240054502003"},"geometry":{"type":"Polygon","coordinates":[[[-76.484797,39.308298],[-76.483171,39.307855],[-76.484786,39.310509],[-76.483811,39.310161],[-76.478213,39.310371],[-76.479502,39.306919],[-76.484376,39.304244],[-76.488633,39.305035],[-76.487452,39.306843],[-76.484797,39.308298]]]}},{"type":"Feature","properties":{"i":330,"geoid":"240054503001"},"geometry":{"type":"Polygon","coordinates":[[[-76.470658,39.326725],[-76.469952,39.327594],[-76.469305,39.327922],[-76.467836,39.328048],[-76.462721,39.326769],[-76.457876,39.323706],[-76.454846,39.320077],[-76.458227,39.317971],[-76.463586,39.313442],[-76.465426,39.312542],[-76.46614,39.314999],[-76.467787,39.314566],[-76.474154,39.316318],[-76.474314,39.318854],[-76.470658,39.326725]]]}},{"type":"Feature","properties":{"i":331,"geoid":"240054503002"},"geometry":{"type":"Polygon","coordinates":[[[-76.478213,39.310371],[-76.474314,39.318854],[-76.474154,39.316318],[-76.467787,39.314566],[-76.46614,39.314999],[-76.465426,39.312542],[-76.479502,39.306919],[-76.478213,39.310371]]]}},{"type":"Feature","properties":{"i":332,"geoid":"240054504001"},"geometry":{"type":"Polygon","coordinates":[[[-76.479502,39.306919],[-76.468282,39.311389],[-76.468697,39.304098],[-76.467469,39.300862],[-76.467785,39.299965],[-76.465932,39.299426],[-76.465801,39.298241],[-76.463874,39.297961],[-76.464283,39.296105],[-76.462548,39.293797],[-76.46405,39.29219],[-76.466083,39.287906],[-76.489278,39.301947],[-76.484376,39.304244],[-76.479502,39.306919]]]}},{"type":"Feature","properties":{"i":333,"geoid":"240054505011"},"geometry":{"type":"Polygon","coordinates":[[[-76.458227,39.317971],[-76.454846,39.320077],[-76.454198,39.318926],[-76.44874,39.313029],[-76.451889,39.311484],[-76.457101,39.307196],[-76.464969,39.312705],[-76.463586,39.313442],[-76.458227,39.317971]]]}},{"type":"Feature","properties":{"i":334,"geoid":"240054505012"},"geometry":{"type":"Polygon","coordinates":[[[-76.457101,39.307196],[-76.454215,39.309644],[-76.452265,39.308532],[-76.451819,39.305403],[-76.452831,39.304388],[-76.454519,39.304693],[-76.453611,39.303227],[-76.457985,39.299461],[-76.460743,39.296205],[-76.461212,39.296887],[-76.461541,39.298801],[-76.465426,39.312542],[-76.464969,39.312705],[-76.457101,39.307196]]]}},{"type":"Feature","properties":{"i":335,"geoid":"240054505013"},"geometry":{"type":"Polygon","coordinates":[[[-76.465426,39.312542],[-76.461541,39.298801],[-76.461212,39.296887],[-76.460743,39.296205],[-76.462564,39.29553],[-76.462548,39.293797],[-76.464283,39.296105],[-76.463874,39.297961],[-76.465801,39.298241],[-76.465932,39.299426],[-76.467785,39.299965],[-76.467469,39.300862],[-76.468697,39.304098],[-76.468282,39.311389],[-76.465426,39.312542]]]}},{"type":"Feature","properties":{"i":336,"geoid":"240054505031"},"geometry":{"type":"Polygon","coordinates":[[[-76.451889,39.311484],[-76.451156,39.311788],[-76.449905,39.310538],[-76.451321,39.309686],[-76.447553,39.305994],[-76.447459,39.305436],[-76.448674,39.304718],[-76.450697,39.303025],[-76.452831,39.304388],[-76.451819,39.305403],[-76.452265,39.308532],[-76.454215,39.309644],[-76.451889,39.311484]]]}},{"type":"Feature","properties":{"i":337,"geoid":"240054505032"},"geometry":{"type":"Polygon","coordinates":[[[-76.45337,39.298769],[-76.452931,39.297482],[-76.45148,39.299383],[-76.447941,39.298381],[-76.450879,39.294817],[-76.451043,39.293581],[-76.452687,39.293671],[-76.457584,39.295171],[-76.4559,39.299124],[-76.45337,39.298769]]]}},{"type":"Feature","properties":{"i":338,"geoid":"240054505033"},"geometry":{"type":"Polygon","coordinates":[[[-76.453611,39.303227],[-76.454519,39.304693],[-76.452831,39.304388],[-76.448604,39.301530],[-76.445903,39.300868],[-76.447941,39.298381],[-76.45148,39.299383],[-76.452931,39.297482],[-76.45337,39.298769],[-76.4559,39.299124],[-76.457584,39.295171],[-76.460743,39.296205],[-76.457985,39.299461],[-76.453611,39.303227]]]}},{"type":"Feature","properties":{"i":339,"geoid":"240054505041"},"geometry":{"type":"Polygon","coordinates":[[[-76.451156,39.311788],[-76.44874,39.313029],[-76.444928,39.308760],[-76.446541,39.306864],[-76.447553,39.305994],[-76.451321,39.309686],[-76.449905,39.310538],[-76.451156,39.311788]]]}},{"type":"Feature","properties":{"i":340,"geoid":"240054505042"},"geometry":{"type":"Polygon","coordinates":[[[-76.446541,39.306864],[-76.444928,39.308760],[-76.440645,39.304182],[-76.44356,39.302445],[-76.447459,39.305436],[-76.447553,39.305994],[-76.446541,39.306864]]]}},{"type":"Feature","properties":{"i":341,"geoid":"240054505043"},"geometry":{"type":"Polygon","coordinates":[[[-76.447459,39.305436],[-76.44356,39.302445],[-76.445903,39.300868],[-76.448604,39.301530],[-76.450697,39.303025],[-76.448674,39.304718],[-76.447459,39.305436]]]}},{"type":"Feature","properties":{"i":342,"geoid":"240054505044"},"geometry":{"type":"Polygon","coordinates":[[[-76.450879,39.294817],[-76.445903,39.300868],[-76.44136,39.297177],[-76.444468,39.297024],[-76.446839,39.29524],[-76.447512,39.293449],[-76.451043,39.293581],[-76.450879,39.294817]]]}},{"type":"Feature","properties":{"i":343,"geoid":"240054505045"},"geometry":{"type":"Polygon","coordinates":[[[-76.440645,39.304182],[-76.43777,39.301037],[-76.438326,39.299909],[-76.44136,39.297177],[-76.445903,39.300868],[-76.440645,39.304182]]]}},{"type":"Feature","properties":{"i":344,"geoid":"240054508001"},"geometry":{"type":"Polygon","coordinates":[[[-76.445381,39.324402],[-76.443712,39.326244],[-76.443849,39.326803],[-76.443008,39.327306],[-76.440184,39.323906],[-76.438852,39.320089],[-76.431682,39.314806],[-76.433182,39.313106],[-76.438787,39.311763],[-76.445876,39.318709],[-76.448213,39.319302],[-76.445381,39.324402]]]}},{"type":"Feature","properties":{"i":345,"geoid":"240054508002"},"geometry":{"type":"Polygon","coordinates":[[[-76.446587,39.316854],[-76.449107,39.317691],[-76.448213,39.319302],[-76.445876,39.318709],[-76.438787,39.311763],[-76.433182,39.313106],[-76.436058,39.309017],[-76.435999,39.306651],[-76.442687,39.306267],[-76.449379,39.313867],[-76.446587,39.316854]]]}},{"type":"Feature","properties":{"i":346,"geoid":"240054508003"},"geometry":{"type":"Polygon","coordinates":[[[-76.454846,39.320077],[-76.443849,39.326803],[-76.443712,39.326244],[-76.445381,39.324402],[-76.449107,39.317691],[-76.446587,39.316854],[-76.449379,39.313867],[-76.454198,39.318926],[-76.454846,39.320077]]]}},{"type":"Feature","properties":{"i":347,"geoid":"240054509001"},"geometry":{"type":"Polygon","coordinates":[[[-76.435999,39.306651],[-76.436058,39.309017],[-76.433182,39.313106],[-76.431682,39.314806],[-76.423283,39.315007],[-76.419207,39.313013],[-76.412741,39.308597],[-76.417912,39.305401],[-76.427857,39.302825],[-76.429265,39.301953],[-76.431096,39.302911],[-76.439012,39.302355],[-76.442687,39.306267],[-76.435999,39.306651]]]}},{"type":"Feature","properties":{"i":348,"geoid":"240054509002"},"geometry":{"type":"Polygon","coordinates":[[[-76.431096,39.302911],[-76.429265,39.301953],[-76.427857,39.302825],[-76.417912,39.305401],[-76.412741,39.308597],[-76.410893,39.307511],[-76.410602,39.304201],[-76.408701,39.301536],[-76.408106,39.300064],[-76.405611,39.300064],[-76.402402,39.299511],[-76.399998,39.297780],[-76.399997,39.288744],[-76.403181,39.287507],[-76.413882,39.286105],[-76.42257,39.288346],[-76.426937,39.288659],[-76.427868,39.290593],[-76.429628,39.293424],[-76.433743,39.296663],[-76.439012,39.302355],[-76.431096,39.302911]]]}},{"type":"Feature","properties":{"i":349,"geoid":"240054510001"},"geometry":{"type":"Polygon","coordinates":[[[-76.42257,39.288346],[-76.413882,39.286105],[-76.403181,39.287507],[-76.399997,39.288744],[-76.399997,39.268254],[-76.401466,39.267211],[-76.406115,39.269249],[-76.405306,39.270530],[-76.406531,39.271874],[-76.412897,39.274785],[-76.415037,39.276793],[-76.417076,39.277195],[-76.421517,39.27735],[-76.422791,39.277956],[-76.426871,39.281455],[-76.426683,39.288046],[-76.426937,39.288659],[-76.42257,39.288346]]]}},{"type":"Feature","properties":{"i":350,"geoid":"240054510002"},"geometry":{"type":"Polygon","coordinates":[[[-76.443482,39.280805],[-76.438282,39.283405],[-76.436002,39.285257],[-76.434145,39.285395],[-76.431139,39.290028],[-76.430916,39.291843],[-76.429182,39.29259],[-76.427868,39.290593],[-76.426683,39.288046],[-76.426871,39.281455],[-76.422791,39.277956],[-76.421517,39.27735],[-76.417076,39.277195],[-76.415037,39.276793],[-76.412897,39.274785],[-76.406531,39.271874],[-76.405306,39.270530],[-76.406115,39.269249],[-76.401466,39.267211],[-76.399997,39.268254],[-76.399997,39.260799],[-76.402355,39.258315],[-76.402878,39.256736],[-76.404898,39.25554],[-76.404066,39.252411],[-76.400942,39.249039],[-76.401927,39.248361],[-76.404541,39.249281],[-76.406205,39.247994],[-76.408106,39.247072],[-76.410602,39.249006],[-76.413692,39.249097],[-76.415712,39.24781],[-76.41904,39.249374],[-76.422724,39.252870],[-76.427002,39.254896],[-76.436628,39.253422],[-76.438918,39.255096],[-76.443359,39.255914],[-76.446182,39.264006],[-76.445882,39.274806],[-76.443482,39.280805]]]}},{"type":"Feature","properties":{"i":351,"geoid":"240054511001"},"geometry":{"type":"Polygon","coordinates":[[[-76.462548,39.293797],[-76.462564,39.29553],[-76.460743,39.296205],[-76.452687,39.293671],[-76.447512,39.293449],[-76.446839,39.29524],[-76.444468,39.297024],[-76.44136,39.297177],[-76.438326,39.299909],[-76.43777,39.301037],[-76.433743,39.296663],[-76.429628,39.293424],[-76.429182,39.29259],[-76.430916,39.291843],[-76.431139,39.290028],[-76.434145,39.285395],[-76.436002,39.285257],[-76.438282,39.283405],[-76.443482,39.280805],[-76.455883,39.281906],[-76.466083,39.287906],[-76.46405,39.29219],[-76.462548,39.293797]]]}},{"type":"Feature","properties":{"i":352,"geoid":"240054512001"},"geometry":{"type":"Polygon","coordinates":[[[-76.491891,39.336037],[-76.485706,39.340115],[-76.463351,39.340091],[-76.456992,39.336118],[-76.459065,39.332989],[-76.4632,39.330829],[-76.465239,39.329012],[-76.470808,39.329148],[-76.47464,39.332202],[-76.476164,39.330970],[-76.479438,39.332664],[-76.481883,39.334664],[-76.482809,39.336409],[-76.488027,39.332370],[-76.491891,39.336037]]]}},{"type":"Feature","properties":{"i":353,"geoid":"240054512002"},"geometry":{"type":"Polygon","coordinates":[[[-76.470808,39.329148],[-76.465239,39.329012],[-76.4632,39.330829],[-76.459065,39.332989],[-76.456992,39.336118],[-76.4536,39.334613],[-76.450422,39.333743],[-76.446655,39.333286],[-76.441045,39.333476],[-76.43935,39.333053],[-76.438852,39.332726],[-76.452019,39.328858],[-76.456229,39.328257],[-76.459259,39.328238],[-76.470471,39.328894],[-76.474019,39.328584],[-76.474038,39.330195],[-76.476164,39.330970],[-76.47464,39.332202],[-76.470808,39.329148]]]}},{"type":"Feature","properties":{"i":354,"geoid":"240054513001"},"geometry":{"type":"Polygon","coordinates":[[[-76.455885,39.338066],[-76.456992,39.336118],[-76.463351,39.340091],[-76.455463,39.340082],[-76.455885,39.338066]]]}},{"type":"Feature","properties":{"i":355,"geoid":"240054513002"},"geometry":{"type":"Polygon","coordinates":[[[-76.455463,39.340082],[-76.448219,39.340072],[-76.447375,39.337068],[-76.444491,39.334058],[-76.444138,39.333283],[-76.446655,39.333286],[-76.450422,39.333743],[-76.4536,39.334613],[-76.456992,39.336118],[-76.455885,39.338066],[-76.455463,39.340082]]]}},{"type":"Feature","properties":{"i":356,"geoid":"240054514021"},"geometry":{"type":"Polygon","coordinates":[[[-76.442301,39.338162],[-76.442001,39.335813],[-76.44019,39.335909],[-76.440016,39.337435],[-76.438648,39.337503],[-76.436159,39.340056],[-76.414405,39.340023],[-76.438852,39.332726],[-76.43935,39.333053],[-76.441045,39.333476],[-76.444138,39.333283],[-76.444491,39.334058],[-76.444716,39.338007],[-76.442301,39.338162]]]}},{"type":"Feature","properties":{"i":357,"geoid":"240054514024"},"geometry":{"type":"Polygon","coordinates":[[[-76.438648,39.337503],[-76.440016,39.337435],[-76.44019,39.335909],[-76.442001,39.335813],[-76.442301,39.338162],[-76.444716,39.338007],[-76.444491,39.334058],[-76.447375,39.337068],[-76.448219,39.340072],[-76.436159,39.340056],[-76.438648,39.337503]]]}},{"type":"Feature","properties":{"i":358,"geoid":"240054515001"},"geometry":{"type":"Polygon","coordinates":[[[-76.436239,39.324424],[-76.435,39.325214],[-76.431327,39.322955],[-76.433083,39.321421],[-76.434716,39.320360],[-76.436858,39.321254],[-76.438004,39.322416],[-76.436994,39.323919],[-76.439392,39.326447],[-76.442218,39.327822],[-76.440812,39.329016],[-76.436239,39.324424]]]}},{"type":"Feature","properties":{"i":359,"geoid":"240054515002"},"geometry":{"type":"Polygon","coordinates":[[[-76.433083,39.321421],[-76.431872,39.320245],[-76.428046,39.318011],[-76.427253,39.316568],[-76.431683,39.317226],[-76.431827,39.318623],[-76.433894,39.319348],[-76.434716,39.320360],[-76.433083,39.321421]]]}},{"type":"Feature","properties":{"i":360,"geoid":"240054515003"},"geometry":{"type":"Polygon","coordinates":[[[-76.442218,39.327822],[-76.439392,39.326447],[-76.436994,39.323919],[-76.438004,39.322416],[-76.436858,39.321254],[-76.434716,39.320360],[-76.433894,39.319348],[-76.431827,39.318623],[-76.431683,39.317226],[-76.427253,39.316568],[-76.428046,39.318011],[-76.431872,39.320245],[-76.433083,39.321421],[-76.431327,39.322955],[-76.435,39.325214],[-76.436239,39.324424],[-76.440812,39.329016],[-76.439444,39.330144],[-76.439113,39.329265],[-76.431938,39.324305],[-76.429283,39.323407],[-76.423283,39.315007],[-76.431682,39.314806],[-76.438852,39.320089],[-76.440184,39.323906],[-76.442941,39.327113],[-76.443008,39.327306],[-76.442218,39.327822]]]}},{"type":"Feature","properties":{"i":361,"geoid":"240054516001"},"geometry":{"type":"Polygon","coordinates":[[[-76.414405,39.340023],[-76.407546,39.340012],[-76.404698,39.337521],[-76.410833,39.335562],[-76.409242,39.334956],[-76.409753,39.334179],[-76.408439,39.331341],[-76.40905,39.331244],[-76.406899,39.327382],[-76.402883,39.323706],[-76.401282,39.319506],[-76.404829,39.311495],[-76.40882,39.311743],[-76.410730,39.308622],[-76.414241,39.312074],[-76.415,39.314594],[-76.417618,39.316922],[-76.419639,39.320578],[-76.423635,39.322927],[-76.423904,39.324528],[-76.423184,39.327262],[-76.424683,39.329661],[-76.426965,39.330857],[-76.427843,39.333925],[-76.428774,39.335429],[-76.434842,39.333546],[-76.437804,39.331573],[-76.43923,39.332626],[-76.414405,39.340023]]]}},{"type":"Feature","properties":{"i":362,"geoid":"240054516002"},"geometry":{"type":"Polygon","coordinates":[[[-76.437804,39.331573],[-76.434842,39.333546],[-76.428774,39.335429],[-76.427843,39.333925],[-76.426965,39.330857],[-76.424683,39.329661],[-76.423184,39.327262],[-76.423904,39.324528],[-76.423635,39.322927],[-76.419639,39.320578],[-76.417618,39.316922],[-76.415,39.314594],[-76.414241,39.312074],[-76.410730,39.308622],[-76.410959,39.308248],[-76.410893,39.307511],[-76.412741,39.308597],[-76.419207,39.313013],[-76.423283,39.315007],[-76.429283,39.323407],[-76.431938,39.324305],[-76.439113,39.329265],[-76.439444,39.330144],[-76.437804,39.331573]]]}},{"type":"Feature","properties":{"i":363,"geoid":"240054518021"},"geometry":{"type":"Polygon","coordinates":[[[-76.408118,39.336016],[-76.407179,39.334574],[-76.402606,39.336520],[-76.403405,39.337933],[-76.402578,39.338556],[-76.399999,39.337999],[-76.399998,39.308703],[-76.401333,39.308064],[-76.402882,39.308335],[-76.402878,39.311375],[-76.404829,39.311495],[-76.401282,39.319506],[-76.402883,39.323706],[-76.406899,39.327382],[-76.40905,39.331244],[-76.408439,39.331341],[-76.409753,39.334179],[-76.409242,39.334956],[-76.408118,39.336016]]]}},{"type":"Feature","properties":{"i":364,"geoid":"240054518023"},"geometry":{"type":"Polygon","coordinates":[[[-76.404698,39.337521],[-76.407546,39.340012],[-76.4,39.34],[-76.399999,39.337999],[-76.402578,39.338556],[-76.403405,39.337933],[-76.402606,39.336520],[-76.407179,39.334574],[-76.408118,39.336016],[-76.409242,39.334956],[-76.410833,39.335562],[-76.404698,39.337521]]]}},{"type":"Feature","properties":{"i":365,"geoid":"240054519001"},"geometry":{"type":"Polygon","coordinates":[[[-76.449582,39.203805],[-76.449140,39.204546],[-76.445392,39.203463],[-76.443746,39.205259],[-76.443505,39.206943],[-76.441866,39.209778],[-76.432435,39.220261],[-76.431129,39.222861],[-76.43051,39.227997],[-76.431177,39.229298],[-76.427634,39.229070],[-76.425691,39.228199],[-76.422404,39.227457],[-76.418451,39.227467],[-76.41441,39.228221],[-76.411917,39.228060],[-76.408858,39.229691],[-76.410200,39.231534],[-76.405967,39.233082],[-76.404422,39.235199],[-76.401451,39.237777],[-76.399997,39.238403],[-76.399996,39.235300],[-76.400501,39.234832],[-76.401095,39.232715],[-76.399996,39.231091],[-76.399996,39.228722],[-76.409697,39.225122],[-76.415418,39.221773],[-76.417681,39.219807],[-76.421901,39.210633],[-76.425281,39.205708],[-76.428958,39.204136],[-76.436539,39.202168],[-76.440171,39.197523],[-76.442482,39.195408],[-76.445319,39.195964],[-76.447674,39.197735],[-76.449463,39.201595],[-76.449582,39.203805]]]}},{"type":"Feature","properties":{"i":366,"geoid":"240054519002"},"geometry":{"type":"Polygon","coordinates":[[[-76.447442,39.207396],[-76.444115,39.210435],[-76.444815,39.215318],[-76.442394,39.217182],[-76.441092,39.216022],[-76.436766,39.217524],[-76.436519,39.218729],[-76.436947,39.220086],[-76.438192,39.218432],[-76.439403,39.218681],[-76.440545,39.221344],[-76.437712,39.226808],[-76.438623,39.227991],[-76.438082,39.229307],[-76.439382,39.229507],[-76.44011,39.228381],[-76.443305,39.22964],[-76.441026,39.233643],[-76.443836,39.238897],[-76.441295,39.241385],[-76.440039,39.241572],[-76.433538,39.239342],[-76.430092,39.239066],[-76.424031,39.2352],[-76.422486,39.232531],[-76.41904,39.232439],[-76.410200,39.231534],[-76.408858,39.229691],[-76.411917,39.228060],[-76.41441,39.228221],[-76.418451,39.227467],[-76.422404,39.227457],[-76.425691,39.228199],[-76.427634,39.229070],[-76.431177,39.229298],[-76.43051,39.227997],[-76.431129,39.222861],[-76.432435,39.220261],[-76.441866,39.209778],[-76.443505,39.206943],[-76.443746,39.205259],[-76.445392,39.203463],[-76.449140,39.204546],[-76.447442,39.207396]]]}},{"type":"Feature","properties":{"i":367,"geoid":"240054520001"},"geometry":{"type":"Polygon","coordinates":[[[-76.453963,39.246852],[-76.450986,39.246648],[-76.446559,39.245555],[-76.444642,39.247598],[-76.440995,39.246683],[-76.440702,39.245311],[-76.444296,39.24304],[-76.443128,39.241114],[-76.441295,39.241385],[-76.443836,39.238897],[-76.444557,39.239856],[-76.452469,39.243995],[-76.455451,39.245923],[-76.455269,39.246296],[-76.453963,39.246852]]]}},{"type":"Feature","properties":{"i":368,"geoid":"240054520002"},"geometry":{"type":"Polygon","coordinates":[[[-76.452469,39.243995],[-76.444557,39.239856],[-76.443836,39.238897],[-76.441026,39.233643],[-76.442362,39.231181],[-76.446479,39.231957],[-76.448461,39.232872],[-76.450891,39.234582],[-76.45538,39.238174],[-76.456032,39.238389],[-76.455209,39.243377],[-76.456186,39.245572],[-76.455451,39.245923],[-76.452469,39.243995]]]}},{"type":"Feature","properties":{"i":369,"geoid":"240054521001"},"geometry":{"type":"Polygon","coordinates":[[[-76.453017,39.220158],[-76.45093,39.226911],[-76.446814,39.229822],[-76.446479,39.231957],[-76.442362,39.231181],[-76.443305,39.22964],[-76.44011,39.228381],[-76.439382,39.229507],[-76.438082,39.229307],[-76.438623,39.227991],[-76.437712,39.226808],[-76.440545,39.221344],[-76.439403,39.218681],[-76.438192,39.218432],[-76.436947,39.220086],[-76.436519,39.218729],[-76.436766,39.217524],[-76.441092,39.216022],[-76.442394,39.217182],[-76.444815,39.215318],[-76.446848,39.218261],[-76.453384,39.218169],[-76.4579,39.219089],[-76.459319,39.218075],[-76.459882,39.219807],[-76.453017,39.220158]]]}},{"type":"Feature","properties":{"i":370,"geoid":"240054521002"},"geometry":{"type":"Polygon","coordinates":[[[-76.461916,39.226511],[-76.463102,39.227051],[-76.462986,39.228059],[-76.461015,39.228219],[-76.460017,39.229164],[-76.46075,39.229916],[-76.458493,39.230070],[-76.458095,39.228487],[-76.453413,39.228474],[-76.451452,39.229460],[-76.450573,39.231627],[-76.452091,39.231876],[-76.450891,39.234582],[-76.448461,39.232872],[-76.446479,39.231957],[-76.446814,39.229822],[-76.45093,39.226911],[-76.453017,39.220158],[-76.459882,39.219807],[-76.462483,39.223907],[-76.463753,39.223969],[-76.463288,39.22561],[-76.461916,39.226511]]]}},{"type":"Feature","properties":{"i":371,"geoid":"240054521003"},"geometry":{"type":"Polygon","coordinates":[[[-76.464596,39.231663],[-76.462648,39.232355],[-76.458359,39.232709],[-76.456939,39.234426],[-76.456032,39.238389],[-76.45538,39.238174],[-76.450891,39.234582],[-76.452091,39.231876],[-76.450573,39.231627],[-76.451452,39.229460],[-76.453413,39.228474],[-76.458095,39.228487],[-76.458493,39.230070],[-76.46075,39.229916],[-76.460017,39.229164],[-76.461015,39.228219],[-76.462986,39.228059],[-76.463102,39.227051],[-76.461916,39.226511],[-76.463288,39.22561],[-76.463753,39.223969],[-76.469022,39.223395],[-76.468764,39.22666],[-76.464596,39.231663]]]}},{"type":"Feature","properties":{"i":372,"geoid":"240054523001"},"geometry":{"type":"Polygon","coordinates":[[[-76.51241,39.299981],[-76.509480,39.295651],[-76.511828,39.295012],[-76.512165,39.295781],[-76.514408,39.295331],[-76.5163,39.29856],[-76.51241,39.299981]]]}},{"type":"Feature","properties":{"i":373,"geoid":"240054523002"},"geometry":{"type":"Polygon","coordinates":[[[-76.521476,39.301063],[-76.505385,39.306306],[-76.501427,39.307931],[-76.500944,39.306198],[-76.500804,39.304675],[-76.492585,39.303007],[-76.489278,39.301947],[-76.493356,39.30016],[-76.509480,39.295651],[-76.51241,39.299981],[-76.5163,39.29856],[-76.514408,39.295331],[-76.512165,39.295781],[-76.511828,39.295012],[-76.51901,39.292897],[-76.520369,39.292025],[-76.519801,39.292929],[-76.524812,39.294585],[-76.529517,39.297056],[-76.529786,39.299109],[-76.521476,39.301063]]]}},{"type":"Feature","properties":{"i":374,"geoid":"240054524001"},"geometry":{"type":"Polygon","coordinates":[[[-76.51901,39.292897],[-76.493356,39.30016],[-76.489278,39.301947],[-76.468965,39.289658],[-76.473045,39.283740],[-76.469771,39.282078],[-76.474973,39.275518],[-76.474049,39.274829],[-76.476824,39.275518],[-76.479888,39.277085],[-76.483948,39.277544],[-76.487076,39.278481],[-76.490638,39.279814],[-76.492565,39.281439],[-76.499419,39.284307],[-76.505307,39.288142],[-76.510984,39.290491],[-76.519252,39.292564],[-76.519772,39.292460],[-76.51901,39.292897]]]}},{"type":"Feature","properties":{"i":375,"geoid":"240054524002"},"geometry":{"type":"Polygon","coordinates":[[[-76.484484,39.249607],[-76.479083,39.254005],[-76.477183,39.257706],[-76.477484,39.261107],[-76.461779,39.256488],[-76.46226,39.258766],[-76.465372,39.263342],[-76.472612,39.273425],[-76.474973,39.275518],[-76.469771,39.282078],[-76.473045,39.283740],[-76.468965,39.289658],[-76.455883,39.281906],[-76.443482,39.280805],[-76.445882,39.274806],[-76.446182,39.264006],[-76.443359,39.255914],[-76.447095,39.252822],[-76.446297,39.251042],[-76.450838,39.249078],[-76.451128,39.246683],[-76.450986,39.246648],[-76.453963,39.246852],[-76.455269,39.246296],[-76.455451,39.245923],[-76.456186,39.245572],[-76.459588,39.242520],[-76.463727,39.24356],[-76.468869,39.243904],[-76.485347,39.246782],[-76.488578,39.249130],[-76.484484,39.249607]]]}},{"type":"Feature","properties":{"i":376,"geoid":"240054525001"},"geometry":{"type":"Polygon","coordinates":[[[-76.479204,39.276754],[-76.476824,39.275518],[-76.474049,39.274829],[-76.472612,39.273425],[-76.471269,39.271656],[-76.475763,39.271927],[-76.477252,39.271507],[-76.477737,39.270289],[-76.476835,39.268895],[-76.477222,39.267564],[-76.474916,39.268107],[-76.472947,39.266201],[-76.47355,39.264748],[-76.471989,39.263951],[-76.472538,39.262728],[-76.468945,39.263253],[-76.467786,39.262685],[-76.468047,39.264832],[-76.467332,39.266116],[-76.465372,39.263342],[-76.466274,39.261658],[-76.471244,39.261326],[-76.474226,39.260605],[-76.475411,39.261499],[-76.476915,39.260948],[-76.477484,39.261107],[-76.48057,39.272782],[-76.479204,39.276754]]]}},{"type":"Feature","properties":{"i":377,"geoid":"240054525002"},"geometry":{"type":"Polygon","coordinates":[[[-76.475763,39.271927],[-76.471269,39.271656],[-76.467332,39.266116],[-76.468047,39.264832],[-76.467786,39.262685],[-76.468945,39.263253],[-76.472538,39.262728],[-76.471989,39.263951],[-76.47355,39.264748],[-76.472947,39.266201],[-76.474916,39.268107],[-76.477222,39.267564],[-76.476835,39.268895],[-76.477737,39.270289],[-76.477252,39.271507],[-76.475763,39.271927]]]}},{"type":"Feature","properties":{"i":378,"geoid":"240054525003"},"geometry":{"type":"Polygon","coordinates":[[[-76.474226,39.260605],[-76.471244,39.261326],[-76.466274,39.261658],[-76.465372,39.263342],[-76.46226,39.258766],[-76.461779,39.256488],[-76.476915,39.260948],[-76.475411,39.261499],[-76.474226,39.260605]]]}},{"type":"Feature","properties":{"i":379,"geoid":"240054923001"},"geometry":{"type":"Polygon","coordinates":[[[-76.459259,39.328238],[-76.456229,39.328257],[-76.452019,39.328858],[-76.451394,39.327343],[-76.451849,39.327045],[-76.451952,39.327329],[-76.460195,39.326431],[-76.459377,39.324757],[-76.462721,39.326769],[-76.467836,39.328048],[-76.469305,39.327922],[-76.470471,39.328894],[-76.459259,39.328238]]]}},{"type":"Feature","properties":{"i":380,"geoid":"240054923002"},"geometry":{"type":"Polygon","coordinates":[[[-76.451952,39.327329],[-76.45113,39.325467],[-76.448992,39.323625],[-76.454846,39.320077],[-76.457876,39.323706],[-76.459377,39.324757],[-76.460195,39.326431],[-76.451952,39.327329]]]}},{"type":"Feature","properties":{"i":381,"geoid":"240054923003"},"geometry":{"type":"Polygon","coordinates":[[[-76.452019,39.328858],[-76.43923,39.332626],[-76.437804,39.331573],[-76.442218,39.327822],[-76.448992,39.323625],[-76.45113,39.325467],[-76.451849,39.327045],[-76.451394,39.327343],[-76.452019,39.328858]]]}},{"type":"Feature","properties":{"i":382,"geoid":"240054925001"},"geometry":{"type":"Polygon","coordinates":[[[-76.714514,39.262316],[-76.711979,39.262655],[-76.709807,39.262327],[-76.711101,39.262383],[-76.706095,39.261100],[-76.707163,39.26023],[-76.704152,39.257343],[-76.700075,39.254731],[-76.706885,39.248251],[-76.708413,39.246053],[-76.711219,39.245091],[-76.712299,39.241512],[-76.713693,39.241791],[-76.714787,39.244329],[-76.716111,39.245764],[-76.715912,39.248816],[-76.714119,39.252027],[-76.716665,39.255944],[-76.713976,39.258935],[-76.716722,39.260549],[-76.715671,39.261554],[-76.714514,39.262316]]]}},{"type":"Feature","properties":{"i":383,"geoid":"240054925002"},"geometry":{"type":"Polygon","coordinates":[[[-76.721415,39.270476],[-76.714622,39.266557],[-76.71531,39.264923],[-76.712424,39.262671],[-76.714514,39.262316],[-76.715671,39.261554],[-76.717336,39.261887],[-76.723293,39.261104],[-76.724666,39.260265],[-76.727508,39.262627],[-76.727023,39.263904],[-76.727845,39.263963],[-76.721415,39.270476]]]}},{"type":"Feature","properties":{"i":384,"geoid":"240054927001"},"geometry":{"type":"Polygon","coordinates":[[[-76.49688,39.215038],[-76.497347,39.216697],[-76.496048,39.219182],[-76.496286,39.221667],[-76.499138,39.223048],[-76.4989,39.225257],[-76.497355,39.226914],[-76.500177,39.229414],[-76.499706,39.229786],[-76.496444,39.237245],[-76.494484,39.240005],[-76.490964,39.247976],[-76.490384,39.248607],[-76.488578,39.249130],[-76.485347,39.246782],[-76.468869,39.243904],[-76.463727,39.24356],[-76.459588,39.242520],[-76.456186,39.245572],[-76.455209,39.243377],[-76.456032,39.238389],[-76.456939,39.234426],[-76.458359,39.232709],[-76.462648,39.232355],[-76.464596,39.231663],[-76.468764,39.22666],[-76.469022,39.223395],[-76.463753,39.223969],[-76.462483,39.223907],[-76.459882,39.219807],[-76.459319,39.218075],[-76.462535,39.215775],[-76.461703,39.209422],[-76.461492,39.204067],[-76.462007,39.204157],[-76.463483,39.205908],[-76.480083,39.205108],[-76.488883,39.202208],[-76.492049,39.201442],[-76.495705,39.201876],[-76.498384,39.204807],[-76.500984,39.209375],[-76.50092,39.214209],[-76.49688,39.215038]]]}},{"type":"Feature","properties":{"i":385,"geoid":"240054927002"},"geometry":{"type":"Polygon","coordinates":[[[-76.507871,39.245294],[-76.505296,39.244370],[-76.5037,39.244162],[-76.49993,39.244412],[-76.499144,39.244342],[-76.498608,39.244122],[-76.496175,39.241697],[-76.505068,39.241325],[-76.506367,39.241711],[-76.508162,39.240559],[-76.510327,39.243613],[-76.511626,39.241387],[-76.513832,39.244473],[-76.515048,39.245818],[-76.507871,39.245294]]]}},{"type":"Feature","properties":{"i":386,"geoid":"240054927003"},"geometry":{"type":"Polygon","coordinates":[[[-76.515584,39.243106],[-76.512841,39.243058],[-76.511626,39.241387],[-76.510327,39.243613],[-76.508162,39.240559],[-76.505721,39.236316],[-76.503281,39.236171],[-76.504378,39.233625],[-76.499049,39.236528],[-76.496444,39.237245],[-76.499706,39.229786],[-76.500177,39.229414],[-76.503178,39.232070],[-76.506862,39.232163],[-76.512567,39.228479],[-76.516607,39.232254],[-76.517201,39.241550],[-76.518271,39.242010],[-76.520886,39.241091],[-76.521019,39.241211],[-76.515584,39.243106]]]}},{"type":"Feature","properties":{"i":387,"geoid":"240054927004"},"geometry":{"type":"Polygon","coordinates":[[[-76.505068,39.241325],[-76.496175,39.241697],[-76.494484,39.240005],[-76.496444,39.237245],[-76.499049,39.236528],[-76.504378,39.233625],[-76.503281,39.236171],[-76.505721,39.236316],[-76.508162,39.240559],[-76.506367,39.241711],[-76.505068,39.241325]]]}},{"type":"Feature","properties":{"i":388,"geoid":"240059801001"},"geometry":{"type":"Polygon","coordinates":[[[-76.634659,39.231277],[-76.629853,39.242338],[-76.619039,39.237727],[-76.618612,39.237398],[-76.624687,39.230552],[-76.626921,39.228524],[-76.630117,39.224589],[-76.631527,39.223861],[-76.637142,39.223497],[-76.639943,39.224362],[-76.638314,39.227005],[-76.634659,39.231277]]]}},{"type":"Feature","properties":{"i":389,"geoid":"240059802001"},"geometry":{"type":"Polygon","coordinates":[[[-76.692608,39.227578],[-76.678366,39.231782],[-76.67021,39.237722],[-76.668675,39.239161],[-76.66697,39.232377],[-76.665561,39.230184],[-76.669915,39.228429],[-76.674444,39.225161],[-76.677487,39.221808],[-76.680953,39.220002],[-76.684686,39.220161],[-76.687745,39.221291],[-76.689184,39.221198],[-76.692833,39.219769],[-76.69394,39.218977],[-76.693563,39.223822],[-76.692608,39.227578]]]}},{"type":"Feature","properties":{"i":390,"geoid":"240276011031"},"geometry":{"type":"Polygon","coordinates":[[[-76.780242,39.207861],[-76.777098,39.206560],[-76.766605,39.19737],[-76.772843,39.191614],[-76.775997,39.193401],[-76.779629,39.196243],[-76.781103,39.199059],[-76.780743,39.203149],[-76.782751,39.208031],[-76.780242,39.207861]]]}},{"type":"Feature","properties":{"i":391,"geoid":"240276011032"},"geometry":{"type":"Polygon","coordinates":[[[-76.777249,39.214249],[-76.775126,39.214592],[-76.769013,39.214250],[-76.764823,39.212917],[-76.757413,39.211419],[-76.759766,39.210282],[-76.760385,39.208997],[-76.760496,39.206601],[-76.761704,39.205331],[-76.766293,39.203468],[-76.772256,39.204159],[-76.775852,39.205926],[-76.776893,39.207484],[-76.777181,39.210402],[-76.778022,39.211768],[-76.781119,39.213461],[-76.780567,39.213956],[-76.777249,39.214249]]]}},{"type":"Feature","properties":{"i":392,"geoid":"240276011033"},"geometry":{"type":"Polygon","coordinates":[[[-76.782605,39.213759],[-76.781119,39.213461],[-76.778022,39.211768],[-76.777181,39.210402],[-76.776893,39.207484],[-76.775852,39.205926],[-76.772256,39.204159],[-76.766293,39.203468],[-76.761704,39.205331],[-76.760496,39.206601],[-76.760385,39.208997],[-76.759766,39.210282],[-76.757413,39.211419],[-76.749253,39.211386],[-76.740194,39.212147],[-76.738886,39.211839],[-76.763417,39.199571],[-76.766605,39.19737],[-76.777098,39.206560],[-76.780242,39.207861],[-76.782751,39.208031],[-76.783534,39.209798],[-76.783937,39.213339],[-76.782605,39.213759]]]}},{"type":"Feature","properties":{"i":393,"geoid":"240276011041"},"geometry":{"type":"Polygon","coordinates":[[[-76.776973,39.240766],[-76.774594,39.245704],[-76.77256,39.246166],[-76.77037,39.249232],[-76.768796,39.249984],[-76.765338,39.249405],[-76.764821,39.249871],[-76.76383,39.251311],[-76.763664,39.250706],[-76.764575,39.249078],[-76.764734,39.247598],[-76.763246,39.246342],[-76.761101,39.247163],[-76.757176,39.247495],[-76.7553,39.246850],[-76.751811,39.244484],[-76.749896,39.241571],[-76.748091,39.240609],[-76.746135,39.238262],[-76.743197,39.236388],[-76.74007,39.232399],[-76.733453,39.230872],[-76.7299,39.228995],[-76.728391,39.229394],[-76.724567,39.228611],[-76.722851,39.227187],[-76.722194,39.226416],[-76.717258,39.225478],[-76.719015,39.223749],[-76.729564,39.216293],[-76.738489,39.211724],[-76.740194,39.212147],[-76.749253,39.211386],[-76.757413,39.211419],[-76.764823,39.212917],[-76.769013,39.214250],[-76.775126,39.214592],[-76.777249,39.214249],[-76.769609,39.219993],[-76.76493,39.222447],[-76.766673,39.223715],[-76.768176,39.222370],[-76.770977,39.22631],[-76.779225,39.230821],[-76.782559,39.233332],[-76.781886,39.237396],[-76.776973,39.240766]]]}},{"type":"Feature","properties":{"i":394,"geoid":"240276011042"},"geometry":{"type":"Polygon","coordinates":[[[-76.785825,39.231219],[-76.78498,39.232279],[-76.782559,39.233332],[-76.779225,39.230821],[-76.770977,39.22631],[-76.768176,39.222370],[-76.766673,39.223715],[-76.76493,39.222447],[-76.769609,39.219993],[-76.777249,39.214249],[-76.780567,39.213956],[-76.781119,39.213461],[-76.782605,39.213759],[-76.783937,39.213339],[-76.785296,39.214828],[-76.789387,39.221635],[-76.789765,39.225971],[-76.790581,39.228194],[-76.785825,39.231219]]]}},{"type":"Feature","properties":{"i":395,"geoid":"240276011051"},"geometry":{"type":"Polygon","coordinates":[[[-76.797434,39.220875],[-76.795788,39.219732],[-76.794979,39.218104],[-76.795828,39.211762],[-76.793513,39.209588],[-76.796716,39.207331],[-76.799996,39.210756],[-76.799996,39.221520],[-76.797434,39.220875]]]}},{"type":"Feature","properties":{"i":396,"geoid":"240276011052"},"geometry":{"type":"Polygon","coordinates":[[[-76.799602,39.230431],[-76.798253,39.23426],[-76.797754,39.236447],[-76.791245,39.229694],[-76.789765,39.225971],[-76.789387,39.221635],[-76.785296,39.214828],[-76.789124,39.215046],[-76.790243,39.214162],[-76.790939,39.211529],[-76.793513,39.209588],[-76.795828,39.211762],[-76.794979,39.218104],[-76.795788,39.219732],[-76.797434,39.220875],[-76.799996,39.221520],[-76.799996,39.229900],[-76.799602,39.230431]]]}},{"type":"Feature","properties":{"i":397,"geoid":"240276011071"},"geometry":{"type":"Polygon","coordinates":[[[-76.783911,39.194388],[-76.78065,39.194222],[-76.779611,39.188266],[-76.789761,39.187268],[-76.791691,39.189223],[-76.793519,39.191839],[-76.794027,39.194011],[-76.794331,39.197064],[-76.783911,39.194388]]]}},{"type":"Feature","properties":{"i":398,"geoid":"240276011072"},"geometry":{"type":"Polygon","coordinates":[[[-76.779611,39.188266],[-76.780032,39.187263],[-76.779549,39.185725],[-76.786965,39.179814],[-76.787401,39.184298],[-76.789761,39.187268],[-76.779611,39.188266]]]}},{"type":"Feature","properties":{"i":399,"geoid":"240276011081"},"geometry":{"type":"Polygon","coordinates":[[[-76.796716,39.207331],[-76.790939,39.211529],[-76.790243,39.214162],[-76.789124,39.215046],[-76.785296,39.214828],[-76.783937,39.213339],[-76.783534,39.209798],[-76.780743,39.203149],[-76.781103,39.199059],[-76.785128,39.200814],[-76.788169,39.200869],[-76.79083,39.20261],[-76.793483,39.202938],[-76.795371,39.202641],[-76.796168,39.205942],[-76.796716,39.207331]]]}},{"type":"Feature","properties":{"i":400,"geoid":"240276011082"},"geometry":{"type":"Polygon","coordinates":[[[-76.793483,39.202938],[-76.79083,39.20261],[-76.788169,39.200869],[-76.785128,39.200814],[-76.781103,39.199059],[-76.779629,39.196243],[-76.775997,39.193401],[-76.772843,39.191614],[-76.779549,39.185725],[-76.780032,39.187263],[-76.779611,39.188266],[-76.78065,39.194222],[-76.783911,39.194388],[-76.794331,39.197064],[-76.795371,39.202641],[-76.793483,39.202938]]]}},{"type":"Feature","properties":{"i":401,"geoid":"240276012031"},"geometry":{"type":"Polygon","coordinates":[[[-76.779549,39.185725],[-76.772843,39.191614],[-76.766605,39.19737],[-76.756564,39.188927],[-76.774991,39.176446],[-76.778668,39.1746],[-76.780375,39.177466],[-76.778775,39.177866],[-76.779911,39.179788],[-76.778633,39.180457],[-76.780218,39.180684],[-76.786369,39.178730],[-76.786965,39.179814],[-76.779549,39.185725]]]}},{"type":"Feature","properties":{"i":402,"geoid":"240276012032"},"geometry":{"type":"Polygon","coordinates":[[[-76.786369,39.178730],[-76.780218,39.180684],[-76.778633,39.180457],[-76.779911,39.179788],[-76.778775,39.177866],[-76.780375,39.177466],[-76.778668,39.1746],[-76.774991,39.176446],[-76.756564,39.188927],[-76.754136,39.187291],[-76.745966,39.183139],[-76.740631,39.179221],[-76.74639,39.179507],[-76.750137,39.175015],[-76.754142,39.172055],[-76.760416,39.168906],[-76.763738,39.166229],[-76.776962,39.150883],[-76.778165,39.153469],[-76.779212,39.158828],[-76.78168,39.166344],[-76.785662,39.172402],[-76.790486,39.177664],[-76.786965,39.179814],[-76.786369,39.178730]]]}},{"type":"Feature","properties":{"i":403,"geoid":"240276012041"},"geometry":{"type":"Polygon","coordinates":[[[-76.753136,39.191345],[-76.742501,39.197106],[-76.736449,39.200591],[-76.73334,39.197329],[-76.729684,39.195238],[-76.727612,39.195868],[-76.726023,39.192749],[-76.724375,39.192684],[-76.719923,39.189937],[-76.7211,39.189161],[-76.720097,39.187349],[-76.721436,39.185708],[-76.72195,39.183031],[-76.727956,39.184079],[-76.729501,39.183789],[-76.734473,39.180342],[-76.738196,39.179093],[-76.740631,39.179221],[-76.745966,39.183139],[-76.754136,39.187291],[-76.756564,39.188927],[-76.753136,39.191345]]]}},{"type":"Feature","properties":{"i":404,"geoid":"240276012042"},"geometry":{"type":"Polygon","coordinates":[[[-76.738886,39.211839],[-76.737524,39.211453],[-76.737997,39.210467],[-76.73967,39.210527],[-76.743327,39.208937],[-76.740317,39.205711],[-76.737007,39.200269],[-76.742501,39.197106],[-76.746708,39.201148],[-76.74911,39.206748],[-76.738886,39.211839]]]}},{"type":"Feature","properties":{"i":405,"geoid":"240276012043"},"geometry":{"type":"Polygon","coordinates":[[[-76.74911,39.206748],[-76.746708,39.201148],[-76.742501,39.197106],[-76.753136,39.191345],[-76.756564,39.188927],[-76.766605,39.19737],[-76.763417,39.199571],[-76.74911,39.206748]]]}},{"type":"Feature","properties":{"i":406,"geoid":"240276012051"},"geometry":{"type":"Polygon","coordinates":[[[-76.73967,39.210527],[-76.737997,39.210467],[-76.737524,39.211453],[-76.736687,39.211255],[-76.736056,39.209204],[-76.734376,39.208363],[-76.734289,39.207411],[-76.735889,39.203319],[-76.734928,39.201488],[-76.737007,39.200269],[-76.740317,39.205711],[-76.743327,39.208937],[-76.73967,39.210527]]]}},{"type":"Feature","properties":{"i":407,"geoid":"240276012052"},"geometry":{"type":"Polygon","coordinates":[[[-76.729564,39.216293],[-76.719015,39.223749],[-76.717258,39.225478],[-76.713095,39.221722],[-76.706671,39.221245],[-76.706076,39.218112],[-76.713434,39.214962],[-76.717807,39.214082],[-76.718897,39.213606],[-76.727235,39.207139],[-76.728956,39.209393],[-76.732172,39.211170],[-76.736687,39.211255],[-76.738489,39.211724],[-76.729564,39.216293]]]}},{"type":"Feature","properties":{"i":408,"geoid":"240276012053"},"geometry":{"type":"Polygon","coordinates":[[[-76.732172,39.211170],[-76.728956,39.209393],[-76.727235,39.207139],[-76.730344,39.204572],[-76.731706,39.207511],[-76.734289,39.207411],[-76.734376,39.208363],[-76.736056,39.209204],[-76.736687,39.211255],[-76.732172,39.211170]]]}},{"type":"Feature","properties":{"i":409,"geoid":"240276012054"},"geometry":{"type":"Polygon","coordinates":[[[-76.734289,39.207411],[-76.731706,39.207511],[-76.730344,39.204572],[-76.732578,39.202874],[-76.734928,39.201488],[-76.735889,39.203319],[-76.734289,39.207411]]]}},{"type":"Feature","properties":{"i":410,"geoid":"240276012061"},"geometry":{"type":"Polygon","coordinates":[[[-76.721852,39.207649],[-76.722921,39.210599],[-76.718897,39.213606],[-76.717807,39.214082],[-76.713434,39.214962],[-76.706076,39.218112],[-76.705231,39.215672],[-76.700425,39.213015],[-76.699127,39.212987],[-76.697085,39.214092],[-76.696774,39.213595],[-76.697564,39.212032],[-76.700808,39.212423],[-76.703335,39.210694],[-76.705049,39.206916],[-76.707591,39.205833],[-76.707993,39.203422],[-76.712164,39.201933],[-76.71546,39.204220],[-76.720107,39.202224],[-76.721947,39.202121],[-76.72361,39.206826],[-76.721852,39.207649]]]}},{"type":"Feature","properties":{"i":411,"geoid":"240276012062"},"geometry":{"type":"Polygon","coordinates":[[[-76.732578,39.202874],[-76.722921,39.210599],[-76.721852,39.207649],[-76.72361,39.206826],[-76.721947,39.202121],[-76.720107,39.202224],[-76.71546,39.204220],[-76.712164,39.201933],[-76.711936,39.197725],[-76.713911,39.194370],[-76.713452,39.193244],[-76.716083,39.191844],[-76.719217,39.191479],[-76.719923,39.189937],[-76.724375,39.192684],[-76.726023,39.192749],[-76.727612,39.195868],[-76.729684,39.195238],[-76.73334,39.197329],[-76.736449,39.200591],[-76.732578,39.202874]]]}},{"type":"Feature","properties":{"i":412,"geoid":"240276021004"},"geometry":{"type":"Polygon","coordinates":[[[-76.799109,39.315006],[-76.797719,39.315208],[-76.794718,39.314277],[-76.792479,39.311482],[-76.794031,39.306798],[-76.795724,39.306508],[-76.796511,39.305045],[-76.799997,39.303269],[-76.799998,39.315290],[-76.799109,39.315006]]]}},{"type":"Feature","properties":{"i":413,"geoid":"240276023023"},"geometry":{"type":"Polygon","coordinates":[[[-76.799602,39.230431],[-76.799996,39.229900],[-76.799996,39.230409],[-76.799602,39.230431]]]}},{"type":"Feature","properties":{"i":414,"geoid":"240276023024"},"geometry":{"type":"Polygon","coordinates":[[[-76.797754,39.236447],[-76.798253,39.23426],[-76.799602,39.230431],[-76.799996,39.230409],[-76.799996,39.238156],[-76.797754,39.236447]]]}},{"type":"Feature","properties":{"i":415,"geoid":"240276026001"},"geometry":{"type":"Polygon","coordinates":[[[-76.796511,39.305045],[-76.794128,39.303276],[-76.791331,39.303777],[-76.789022,39.302609],[-76.787532,39.300206],[-76.783395,39.298976],[-76.780763,39.297445],[-76.779145,39.297138],[-76.778595,39.294989],[-76.782106,39.296706],[-76.784576,39.296895],[-76.786922,39.296240],[-76.799379,39.289193],[-76.799281,39.289063],[-76.799997,39.288650],[-76.799997,39.303269],[-76.796511,39.305045]]]}},{"type":"Feature","properties":{"i":416,"geoid":"240276027001"},"geometry":{"type":"Polygon","coordinates":[[[-76.797292,39.254693],[-76.797936,39.257267],[-76.796292,39.258584],[-76.797599,39.259787],[-76.798459,39.263957],[-76.797032,39.266562],[-76.795318,39.267776],[-76.794371,39.267809],[-76.794495,39.266614],[-76.79379,39.265863],[-76.78897,39.263893],[-76.786789,39.261985],[-76.784708,39.261030],[-76.781964,39.258334],[-76.778534,39.256719],[-76.775295,39.256632],[-76.771741,39.255171],[-76.76893,39.252650],[-76.76383,39.251311],[-76.764821,39.249871],[-76.765338,39.249405],[-76.768796,39.249984],[-76.77037,39.249232],[-76.77256,39.246166],[-76.774594,39.245704],[-76.776084,39.248082],[-76.777347,39.24844],[-76.780021,39.246547],[-76.782362,39.246126],[-76.786957,39.246299],[-76.789344,39.250313],[-76.791379,39.251089],[-76.794381,39.250390],[-76.798146,39.250175],[-76.799356,39.24892],[-76.799022,39.251843],[-76.797292,39.254693]]]}},{"type":"Feature","properties":{"i":417,"geoid":"240276027002"},"geometry":{"type":"Polygon","coordinates":[[[-76.799356,39.24892],[-76.798146,39.250175],[-76.794381,39.250390],[-76.791379,39.251089],[-76.789344,39.250313],[-76.786957,39.246299],[-76.782362,39.246126],[-76.780021,39.246547],[-76.777347,39.24844],[-76.776084,39.248082],[-76.774594,39.245704],[-76.776973,39.240766],[-76.781886,39.237396],[-76.782559,39.233332],[-76.78498,39.232279],[-76.785825,39.231219],[-76.790581,39.228194],[-76.791245,39.229694],[-76.797754,39.236447],[-76.799996,39.238156],[-76.799996,39.247692],[-76.799356,39.24892]]]}},{"type":"Feature","properties":{"i":418,"geoid":"240276028001"},"geometry":{"type":"Polygon","coordinates":[[[-76.798683,39.270429],[-76.796298,39.269799],[-76.795647,39.271462],[-76.794398,39.272479],[-76.792543,39.272805],[-76.793682,39.273808],[-76.791606,39.272932],[-76.7906,39.272230],[-76.794389,39.270320],[-76.794371,39.267809],[-76.795318,39.267776],[-76.796578,39.26745],[-76.798161,39.267571],[-76.799996,39.268205],[-76.799996,39.271813],[-76.798683,39.270429]]]}},{"type":"Feature","properties":{"i":419,"geoid":"240276028002"},"geometry":{"type":"Polygon","coordinates":[[[-76.798161,39.267571],[-76.799996,39.266751],[-76.799996,39.268205],[-76.798161,39.267571]]]}},{"type":"Feature","properties":{"i":420,"geoid":"240276028003"},"geometry":{"type":"Polygon","coordinates":[[[-76.798161,39.267571],[-76.796578,39.26745],[-76.795318,39.267776],[-76.797032,39.266562],[-76.798459,39.263957],[-76.797599,39.259787],[-76.796292,39.258584],[-76.797936,39.257267],[-76.797292,39.254693],[-76.799022,39.251843],[-76.799356,39.24892],[-76.799996,39.247692],[-76.799996,39.266751],[-76.798161,39.267571]]]}},{"type":"Feature","properties":{"i":421,"geoid":"240276029001"},"geometry":{"type":"Polygon","coordinates":[[[-76.799281,39.289063],[-76.798092,39.287484],[-76.798123,39.28526],[-76.799776,39.282302],[-76.799997,39.282196],[-76.799997,39.288650],[-76.799281,39.289063]]]}},{"type":"Feature","properties":{"i":422,"geoid":"240276029002"},"geometry":{"type":"Polygon","coordinates":[[[-76.799776,39.282302],[-76.799445,39.282],[-76.797379,39.281251],[-76.797068,39.280067],[-76.79439,39.278284],[-76.795481,39.275478],[-76.792543,39.272805],[-76.794398,39.272479],[-76.795647,39.271462],[-76.796298,39.269799],[-76.798683,39.270429],[-76.799996,39.271813],[-76.799997,39.282196],[-76.799776,39.282302]]]}},{"type":"Feature","properties":{"i":423,"geoid":"240276029003"},"geometry":{"type":"Polygon","coordinates":[[[-76.798123,39.28526],[-76.798092,39.287484],[-76.799379,39.289193],[-76.786922,39.296240],[-76.784576,39.296895],[-76.782106,39.296706],[-76.778595,39.294989],[-76.784565,39.292634],[-76.785398,39.291087],[-76.785166,39.282855],[-76.787995,39.278304],[-76.788813,39.277351],[-76.789694,39.273404],[-76.7906,39.272230],[-76.791606,39.272932],[-76.793682,39.273808],[-76.795481,39.275478],[-76.79439,39.278284],[-76.797068,39.280067],[-76.797379,39.281251],[-76.799445,39.282],[-76.799776,39.282302],[-76.798123,39.28526]]]}},{"type":"Feature","properties":{"i":424,"geoid":"240276066062"},"geometry":{"type":"Polygon","coordinates":[[[-76.799982,39.210741],[-76.796716,39.207331],[-76.797113,39.205914],[-76.799996,39.203232],[-76.799982,39.210741]]]}},{"type":"Feature","properties":{"i":425,"geoid":"240276067061"},"geometry":{"type":"Polygon","coordinates":[[[-76.797113,39.205914],[-76.796716,39.207331],[-76.796168,39.205942],[-76.795371,39.202641],[-76.794331,39.197064],[-76.794027,39.194011],[-76.793519,39.191839],[-76.791691,39.189223],[-76.789761,39.187268],[-76.787401,39.184298],[-76.786965,39.179814],[-76.790486,39.177664],[-76.792113,39.180395],[-76.793019,39.181389],[-76.794298,39.182228],[-76.798848,39.184397],[-76.797833,39.187147],[-76.798094,39.189506],[-76.797177,39.192166],[-76.797865,39.194279],[-76.799996,39.198676],[-76.799996,39.203232],[-76.797113,39.205914]]]}},{"type":"Feature","properties":{"i":426,"geoid":"240276067062"},"geometry":{"type":"Polygon","coordinates":[[[-76.797865,39.194279],[-76.797177,39.192166],[-76.798094,39.189506],[-76.797833,39.187147],[-76.798848,39.184397],[-76.799996,39.184846],[-76.799996,39.198676],[-76.797865,39.194279]]]}},{"type":"Feature","properties":{"i":427,"geoid":"240276067081"},"geometry":{"type":"Polygon","coordinates":[[[-76.799996,39.184846],[-76.794298,39.182228],[-76.793019,39.181389],[-76.792113,39.180395],[-76.790486,39.177664],[-76.799996,39.172599],[-76.799996,39.184846]]]}},{"type":"Feature","properties":{"i":428,"geoid":"240276069011"},"geometry":{"type":"Polygon","coordinates":[[[-76.799997,39.153977],[-76.791951,39.164321],[-76.786425,39.171054],[-76.785375,39.171983],[-76.78168,39.166344],[-76.779212,39.158828],[-76.778165,39.153469],[-76.776962,39.150883],[-76.781511,39.145498],[-76.782621,39.143811],[-76.7842,39.139602],[-76.78518,39.132081],[-76.786455,39.129514],[-76.790498,39.1255],[-76.798359,39.129783],[-76.799998,39.130857],[-76.799997,39.153977]]]}},{"type":"Feature","properties":{"i":429,"geoid":"240276069014"},"geometry":{"type":"Polygon","coordinates":[[[-76.790486,39.177664],[-76.785375,39.171983],[-76.786425,39.171054],[-76.791951,39.164321],[-76.799997,39.153977],[-76.799996,39.172599],[-76.790486,39.177664]]]}},{"type":"Feature","properties":{"i":430,"geoid":"240276069052"},"geometry":{"type":"Polygon","coordinates":[[[-76.798359,39.129783],[-76.790498,39.1255],[-76.794999,39.123248],[-76.797403,39.122578],[-76.799998,39.122312],[-76.799998,39.130857],[-76.798359,39.129783]]]}},{"type":"Feature","properties":{"i":431,"geoid":"245100101001"},"geometry":{"type":"Polygon","coordinates":[[[-76.57709,39.284207],[-76.571396,39.284423],[-76.571261,39.282382],[-76.57698,39.282175],[-76.57709,39.284207]]]}},{"type":"Feature","properties":{"i":432,"geoid":"245100101002"},"geometry":{"type":"Polygon","coordinates":[[[-76.571261,39.282382],[-76.571151,39.280365],[-76.576864,39.28028],[-76.57698,39.282175],[-76.571261,39.282382]]]}},{"type":"Feature","properties":{"i":433,"geoid":"245100101003"},"geometry":{"type":"Polygon","coordinates":[[[-76.57674,39.278534],[-76.576864,39.28028],[-76.571151,39.280365],[-76.570877,39.276421],[-76.577586,39.271606],[-76.575321,39.278216],[-76.57674,39.278534]]]}},{"type":"Feature","properties":{"i":434,"geoid":"245100102001"},"geometry":{"type":"Polygon","coordinates":[[[-76.57238,39.292380],[-76.571839,39.291243],[-76.571669,39.288470],[-76.573094,39.288431],[-76.573182,39.290073],[-76.574076,39.292312],[-76.57238,39.292380]]]}},{"type":"Feature","properties":{"i":435,"geoid":"245100102002"},"geometry":{"type":"Polygon","coordinates":[[[-76.571669,39.288470],[-76.571396,39.284423],[-76.572821,39.284364],[-76.573094,39.288431],[-76.571669,39.288470]]]}},{"type":"Feature","properties":{"i":436,"geoid":"245100102003"},"geometry":{"type":"Polygon","coordinates":[[[-76.577242,39.286242],[-76.572983,39.2864],[-76.572821,39.284364],[-76.57709,39.284207],[-76.577242,39.286242]]]}},{"type":"Feature","properties":{"i":437,"geoid":"245100102004"},"geometry":{"type":"Polygon","coordinates":[[[-76.576174,39.292231],[-76.574076,39.292312],[-76.573182,39.290073],[-76.572983,39.2864],[-76.575814,39.2863],[-76.576174,39.292231]]]}},{"type":"Feature","properties":{"i":438,"geoid":"245100103001"},"geometry":{"type":"Polygon","coordinates":[[[-76.584722,39.291891],[-76.576174,39.292231],[-76.575814,39.2863],[-76.577242,39.286242],[-76.577043,39.28321],[-76.579853,39.283085],[-76.580059,39.286132],[-76.584332,39.285955],[-76.584722,39.291891]]]}},{"type":"Feature","properties":{"i":439,"geoid":"245100103002"},"geometry":{"type":"Polygon","coordinates":[[[-76.580059,39.286132],[-76.579853,39.283085],[-76.582736,39.283099],[-76.584222,39.284029],[-76.584332,39.285955],[-76.580059,39.286132]]]}},{"type":"Feature","properties":{"i":440,"geoid":"245100104001"},"geometry":{"type":"Polygon","coordinates":[[[-76.582736,39.283099],[-76.577043,39.28321],[-76.57674,39.278534],[-76.582699,39.282033],[-76.582736,39.283099]]]}},{"type":"Feature","properties":{"i":441,"geoid":"245100104002"},"geometry":{"type":"Polygon","coordinates":[[[-76.584332,39.285955],[-76.584222,39.284029],[-76.582736,39.283099],[-76.582699,39.282033],[-76.585763,39.28392],[-76.58693,39.283806],[-76.587056,39.285853],[-76.584332,39.285955]]]}},{"type":"Feature","properties":{"i":442,"geoid":"245100104003"},"geometry":{"type":"Polygon","coordinates":[[[-76.585763,39.28392],[-76.577296,39.278792],[-76.575321,39.278216],[-76.577586,39.271606],[-76.586588,39.277305],[-76.58693,39.283806],[-76.585763,39.28392]]]}},{"type":"Feature","properties":{"i":443,"geoid":"245100105001"},"geometry":{"type":"Polygon","coordinates":[[[-76.584722,39.291891],[-76.584572,39.289599],[-76.58611,39.289562],[-76.587185,39.287897],[-76.587414,39.291813],[-76.584722,39.291891]]]}},{"type":"Feature","properties":{"i":444,"geoid":"245100105002"},"geometry":{"type":"Polygon","coordinates":[[[-76.58611,39.289562],[-76.584572,39.289599],[-76.584332,39.285955],[-76.587056,39.285853],[-76.587185,39.287897],[-76.58611,39.289562]]]}},{"type":"Feature","properties":{"i":445,"geoid":"245100201001"},"geometry":{"type":"Polygon","coordinates":[[[-76.587414,39.291813],[-76.587297,39.289509],[-76.590344,39.289387],[-76.590468,39.291679],[-76.587414,39.291813]]]}},{"type":"Feature","properties":{"i":446,"geoid":"245100201002"},"geometry":{"type":"Polygon","coordinates":[[[-76.587297,39.289509],[-76.587056,39.285853],[-76.590113,39.285735],[-76.590344,39.289387],[-76.587297,39.289509]]]}},{"type":"Feature","properties":{"i":447,"geoid":"245100202001"},"geometry":{"type":"Polygon","coordinates":[[[-76.590468,39.291679],[-76.590344,39.289387],[-76.593803,39.289256],[-76.593944,39.291541],[-76.590468,39.291679]]]}},{"type":"Feature","properties":{"i":448,"geoid":"245100202002"},"geometry":{"type":"Polygon","coordinates":[[[-76.590344,39.289387],[-76.590113,39.285735],[-76.593557,39.285578],[-76.593803,39.289256],[-76.590344,39.289387]]]}},{"type":"Feature","properties":{"i":449,"geoid":"245100203001"},"geometry":{"type":"Polygon","coordinates":[[[-76.593557,39.285578],[-76.587056,39.285853],[-76.58693,39.283806],[-76.593535,39.283539],[-76.593557,39.285578]]]}},{"type":"Feature","properties":{"i":450,"geoid":"245100203002"},"geometry":{"type":"Polygon","coordinates":[[[-76.599227,39.285337],[-76.593557,39.285578],[-76.593535,39.283539],[-76.592991,39.277527],[-76.595079,39.277199],[-76.598977,39.276915],[-76.602588,39.279505],[-76.599009,39.282253],[-76.599227,39.285337]]]}},{"type":"Feature","properties":{"i":451,"geoid":"245100203003"},"geometry":{"type":"Polygon","coordinates":[[[-76.58693,39.283806],[-76.586588,39.277305],[-76.589884,39.278004],[-76.592991,39.277527],[-76.593535,39.283539],[-76.58693,39.283806]]]}},{"type":"Feature","properties":{"i":452,"geoid":"245100301001"},"geometry":{"type":"Polygon","coordinates":[[[-76.593869,39.290398],[-76.593557,39.285578],[-76.599227,39.285337],[-76.599565,39.290217],[-76.593869,39.290398]]]}},{"type":"Feature","properties":{"i":453,"geoid":"245100301002"},"geometry":{"type":"Polygon","coordinates":[[[-76.594816,39.293948],[-76.594117,39.293967],[-76.593869,39.290398],[-76.599565,39.290217],[-76.599687,39.292536],[-76.594816,39.293948]]]}},{"type":"Feature","properties":{"i":454,"geoid":"245100302001"},"geometry":{"type":"Polygon","coordinates":[[[-76.606429,39.290711],[-76.599687,39.292536],[-76.599415,39.288363],[-76.603749,39.286347],[-76.605139,39.286850],[-76.605805,39.289961],[-76.606429,39.290711]]]}},{"type":"Feature","properties":{"i":455,"geoid":"245100302002"},"geometry":{"type":"Polygon","coordinates":[[[-76.599415,39.288363],[-76.599009,39.282253],[-76.602588,39.279505],[-76.603688,39.280905],[-76.605001,39.286855],[-76.603749,39.286347],[-76.599415,39.288363]]]}},{"type":"Feature","properties":{"i":456,"geoid":"245100401001"},"geometry":{"type":"Polygon","coordinates":[[[-76.618322,39.294978],[-76.615549,39.295091],[-76.61515,39.290435],[-76.615219,39.289525],[-76.618222,39.289421],[-76.617971,39.290034],[-76.618322,39.294978]]]}},{"type":"Feature","properties":{"i":457,"geoid":"245100401002"},"geometry":{"type":"Polygon","coordinates":[[[-76.62233,39.289245],[-76.615219,39.289525],[-76.614896,39.286513],[-76.622129,39.286257],[-76.62233,39.289245]]]}},{"type":"Feature","properties":{"i":458,"geoid":"245100401003"},"geometry":{"type":"Polygon","coordinates":[[[-76.614342,39.29512],[-76.613742,39.294685],[-76.611007,39.294532],[-76.610541,39.293471],[-76.606429,39.290711],[-76.605805,39.289961],[-76.605139,39.286850],[-76.614896,39.286513],[-76.615549,39.295091],[-76.614342,39.29512]]]}},{"type":"Feature","properties":{"i":459,"geoid":"245100401004"},"geometry":{"type":"Polygon","coordinates":[[[-76.622638,39.294811],[-76.618322,39.294978],[-76.617971,39.290034],[-76.618222,39.289421],[-76.62233,39.289245],[-76.622638,39.294811]]]}},{"type":"Feature","properties":{"i":460,"geoid":"245100402001"},"geometry":{"type":"Polygon","coordinates":[[[-76.628062,39.287786],[-76.627503,39.290127],[-76.627688,39.29463],[-76.622638,39.294811],[-76.622129,39.286257],[-76.627539,39.286056],[-76.628021,39.287164],[-76.628062,39.287786]]]}},{"type":"Feature","properties":{"i":461,"geoid":"245100601001"},"geometry":{"type":"Polygon","coordinates":[[[-76.572597,39.297115],[-76.572565,39.294777],[-76.575678,39.294664],[-76.575804,39.296994],[-76.572597,39.297115]]]}},{"type":"Feature","properties":{"i":462,"geoid":"245100601002"},"geometry":{"type":"Polygon","coordinates":[[[-76.572565,39.294777],[-76.57238,39.292380],[-76.575508,39.292257],[-76.575678,39.294664],[-76.572565,39.294777]]]}},{"type":"Feature","properties":{"i":463,"geoid":"245100601003"},"geometry":{"type":"Polygon","coordinates":[[[-76.575678,39.294664],[-76.575508,39.292257],[-76.577623,39.292177],[-76.577783,39.294582],[-76.575678,39.294664]]]}},{"type":"Feature","properties":{"i":464,"geoid":"245100601004"},"geometry":{"type":"Polygon","coordinates":[[[-76.575804,39.296994],[-76.575678,39.294664],[-76.577783,39.294582],[-76.577955,39.296910],[-76.575804,39.296994]]]}},{"type":"Feature","properties":{"i":465,"geoid":"245100602001"},"geometry":{"type":"Polygon","coordinates":[[[-76.579941,39.294540],[-76.579727,39.292099],[-76.581886,39.292012],[-76.582023,39.294416],[-76.579941,39.294540]]]}},{"type":"Feature","properties":{"i":466,"geoid":"245100602002"},"geometry":{"type":"Polygon","coordinates":[[[-76.582169,39.296752],[-76.581886,39.292012],[-76.583325,39.291956],[-76.583585,39.296686],[-76.582169,39.296752]]]}},{"type":"Feature","properties":{"i":467,"geoid":"245100602003"},"geometry":{"type":"Polygon","coordinates":[[[-76.582169,39.296752],[-76.580041,39.296816],[-76.579941,39.294540],[-76.582023,39.294416],[-76.582169,39.296752]]]}},{"type":"Feature","properties":{"i":468,"geoid":"245100602004"},"geometry":{"type":"Polygon","coordinates":[[[-76.577955,39.296910],[-76.577623,39.292177],[-76.579727,39.292099],[-76.580041,39.296816],[-76.577955,39.296910]]]}},{"type":"Feature","properties":{"i":469,"geoid":"245100603001"},"geometry":{"type":"Polygon","coordinates":[[[-76.583585,39.296686],[-76.583456,39.294360],[-76.587584,39.294208],[-76.58773,39.296518],[-76.583585,39.296686]]]}},{"type":"Feature","properties":{"i":470,"geoid":"245100603002"},"geometry":{"type":"Polygon","coordinates":[[[-76.583456,39.294360],[-76.583325,39.291956],[-76.587414,39.291813],[-76.587584,39.294208],[-76.583456,39.294360]]]}},{"type":"Feature","properties":{"i":471,"geoid":"245100604001"},"geometry":{"type":"Polygon","coordinates":[[[-76.590874,39.298523],[-76.590086,39.295291],[-76.590619,39.294086],[-76.590468,39.291679],[-76.593944,39.291541],[-76.594408,39.298372],[-76.590874,39.298523]]]}},{"type":"Feature","properties":{"i":472,"geoid":"245100604002"},"geometry":{"type":"Polygon","coordinates":[[[-76.587869,39.298647],[-76.587414,39.291813],[-76.590468,39.291679],[-76.590619,39.294086],[-76.590086,39.295291],[-76.590874,39.298523],[-76.587869,39.298647]]]}},{"type":"Feature","properties":{"i":473,"geoid":"245100701001"},"geometry":{"type":"Polygon","coordinates":[[[-76.572793,39.302720],[-76.572789,39.299233],[-76.578085,39.299029],[-76.578278,39.302549],[-76.572793,39.302720]]]}},{"type":"Feature","properties":{"i":474,"geoid":"245100701002"},"geometry":{"type":"Polygon","coordinates":[[[-76.578085,39.299029],[-76.572661,39.299237],[-76.572597,39.297115],[-76.577955,39.296910],[-76.578085,39.299029]]]}},{"type":"Feature","properties":{"i":475,"geoid":"245100702001"},"geometry":{"type":"Polygon","coordinates":[[[-76.578211,39.301131],[-76.578085,39.299029],[-76.580905,39.298915],[-76.581049,39.30102],[-76.578211,39.301131]]]}},{"type":"Feature","properties":{"i":476,"geoid":"245100702002"},"geometry":{"type":"Polygon","coordinates":[[[-76.578085,39.299029],[-76.577955,39.296910],[-76.580754,39.296789],[-76.580905,39.298915],[-76.578085,39.299029]]]}},{"type":"Feature","properties":{"i":477,"geoid":"245100702003"},"geometry":{"type":"Polygon","coordinates":[[[-76.580905,39.298915],[-76.580754,39.296789],[-76.583585,39.296686],[-76.583721,39.298806],[-76.580905,39.298915]]]}},{"type":"Feature","properties":{"i":478,"geoid":"245100702004"},"geometry":{"type":"Polygon","coordinates":[[[-76.585358,39.302297],[-76.578278,39.302549],[-76.578211,39.301131],[-76.581049,39.30102],[-76.580905,39.298915],[-76.583721,39.298806],[-76.583903,39.301807],[-76.585358,39.302297]]]}},{"type":"Feature","properties":{"i":479,"geoid":"245100703001"},"geometry":{"type":"Polygon","coordinates":[[[-76.586519,39.302494],[-76.585358,39.302297],[-76.583903,39.301807],[-76.583585,39.296686],[-76.58773,39.296518],[-76.588135,39.303217],[-76.586519,39.302494]]]}},{"type":"Feature","properties":{"i":480,"geoid":"245100704001"},"geometry":{"type":"Polygon","coordinates":[[[-76.594658,39.301880],[-76.594408,39.298372],[-76.597597,39.298251],[-76.597829,39.301744],[-76.594658,39.301880]]]}},{"type":"Feature","properties":{"i":481,"geoid":"245100704002"},"geometry":{"type":"Polygon","coordinates":[[[-76.588079,39.302138],[-76.587869,39.298647],[-76.594408,39.298372],[-76.594658,39.301880],[-76.588079,39.302138]]]}},{"type":"Feature","properties":{"i":482,"geoid":"245100801011"},"geometry":{"type":"Polygon","coordinates":[[[-76.594867,39.317238],[-76.589978,39.321861],[-76.58747,39.323563],[-76.583874,39.327912],[-76.576547,39.333861],[-76.575302,39.33222],[-76.569928,39.329539],[-76.570771,39.32721],[-76.568236,39.327416],[-76.567543,39.326405],[-76.569447,39.324879],[-76.57524,39.32862],[-76.578155,39.324448],[-76.577075,39.322677],[-76.574591,39.320865],[-76.581813,39.314553],[-76.585062,39.314926],[-76.594867,39.317238]]]}},{"type":"Feature","properties":{"i":483,"geoid":"245100801012"},"geometry":{"type":"Polygon","coordinates":[[[-76.57524,39.32862],[-76.571649,39.326285],[-76.573425,39.324624],[-76.576182,39.326331],[-76.578155,39.324448],[-76.57524,39.32862]]]}},{"type":"Feature","properties":{"i":484,"geoid":"245100801013"},"geometry":{"type":"Polygon","coordinates":[[[-76.575592,39.322786],[-76.571649,39.326285],[-76.569447,39.324879],[-76.573745,39.321612],[-76.575592,39.322786]]]}},{"type":"Feature","properties":{"i":485,"geoid":"245100801014"},"geometry":{"type":"Polygon","coordinates":[[[-76.576182,39.326331],[-76.573425,39.324624],[-76.575592,39.322786],[-76.573745,39.321612],[-76.574591,39.320865],[-76.577075,39.322677],[-76.578155,39.324448],[-76.576182,39.326331]]]}},{"type":"Feature","properties":{"i":486,"geoid":"245100801021"},"geometry":{"type":"Polygon","coordinates":[[[-76.573745,39.321612],[-76.571729,39.320259],[-76.572969,39.317075],[-76.578871,39.317107],[-76.573745,39.321612]]]}},{"type":"Feature","properties":{"i":487,"geoid":"245100801022"},"geometry":{"type":"Polygon","coordinates":[[[-76.578871,39.317107],[-76.572969,39.317075],[-76.573145,39.314315],[-76.582164,39.314243],[-76.578871,39.317107]]]}},{"type":"Feature","properties":{"i":488,"geoid":"245100802001"},"geometry":{"type":"Polygon","coordinates":[[[-76.589881,39.316122],[-76.585062,39.314926],[-76.581813,39.314553],[-76.584007,39.312632],[-76.586012,39.312552],[-76.585764,39.308886],[-76.588507,39.308679],[-76.588812,39.314343],[-76.59057,39.314303],[-76.590619,39.315072],[-76.589881,39.316122]]]}},{"type":"Feature","properties":{"i":489,"geoid":"245100802002"},"geometry":{"type":"Polygon","coordinates":[[[-76.584007,39.312632],[-76.582164,39.314243],[-76.573145,39.314315],[-76.573046,39.309338],[-76.585764,39.308886],[-76.586012,39.312552],[-76.584007,39.312632]]]}},{"type":"Feature","properties":{"i":490,"geoid":"245100803011"},"geometry":{"type":"Polygon","coordinates":[[[-76.582147,39.304793],[-76.579852,39.304889],[-76.579704,39.302481],[-76.583901,39.302313],[-76.584175,39.30578],[-76.582147,39.304793]]]}},{"type":"Feature","properties":{"i":491,"geoid":"245100803012"},"geometry":{"type":"Polygon","coordinates":[[[-76.580103,39.309059],[-76.579852,39.304889],[-76.582147,39.304793],[-76.584175,39.30578],[-76.584365,39.308929],[-76.580103,39.309059]]]}},{"type":"Feature","properties":{"i":492,"geoid":"245100803021"},"geometry":{"type":"Polygon","coordinates":[[[-76.575672,39.306097],[-76.575612,39.305057],[-76.578452,39.304939],[-76.578278,39.302549],[-76.579704,39.302481],[-76.579921,39.305941],[-76.575672,39.306097]]]}},{"type":"Feature","properties":{"i":493,"geoid":"245100803022"},"geometry":{"type":"Polygon","coordinates":[[[-76.575875,39.309240],[-76.575672,39.306097],[-76.579921,39.305941],[-76.580103,39.309059],[-76.575875,39.309240]]]}},{"type":"Feature","properties":{"i":494,"geoid":"245100803023"},"geometry":{"type":"Polygon","coordinates":[[[-76.575612,39.305057],[-76.575875,39.309240],[-76.573046,39.309338],[-76.572793,39.302720],[-76.578278,39.302549],[-76.578452,39.304939],[-76.575612,39.305057]]]}},{"type":"Feature","properties":{"i":495,"geoid":"245100804001"},"geometry":{"type":"Polygon","coordinates":[[[-76.587394,39.308849],[-76.584365,39.308929],[-76.584175,39.30578],[-76.585576,39.305731],[-76.58825,39.305106],[-76.588507,39.308679],[-76.587394,39.308849]]]}},{"type":"Feature","properties":{"i":496,"geoid":"245100804002"},"geometry":{"type":"Polygon","coordinates":[[[-76.585576,39.305731],[-76.584175,39.30578],[-76.583901,39.302313],[-76.585358,39.302297],[-76.586519,39.302494],[-76.588135,39.303217],[-76.58825,39.305106],[-76.585576,39.305731]]]}},{"type":"Feature","properties":{"i":497,"geoid":"245100805001"},"geometry":{"type":"Polygon","coordinates":[[[-76.589881,39.316122],[-76.590619,39.315072],[-76.59057,39.314303],[-76.591867,39.314293],[-76.59192,39.315414],[-76.596435,39.315712],[-76.594867,39.317238],[-76.589881,39.316122]]]}},{"type":"Feature","properties":{"i":498,"geoid":"245100805002"},"geometry":{"type":"Polygon","coordinates":[[[-76.596435,39.315712],[-76.59192,39.315414],[-76.591867,39.314293],[-76.596528,39.314628],[-76.597941,39.314262],[-76.596435,39.315712]]]}},{"type":"Feature","properties":{"i":499,"geoid":"245100805003"},"geometry":{"type":"Polygon","coordinates":[[[-76.597941,39.314262],[-76.596528,39.314628],[-76.591867,39.314293],[-76.588812,39.314343],[-76.588692,39.312419],[-76.59937,39.311941],[-76.599057,39.312960],[-76.597941,39.314262]]]}},{"type":"Feature","properties":{"i":500,"geoid":"245100806001"},"geometry":{"type":"Polygon","coordinates":[[[-76.590966,39.309756],[-76.591098,39.312313],[-76.588692,39.312419],[-76.588483,39.308804],[-76.592846,39.308641],[-76.59292,39.309700],[-76.590966,39.309756]]]}},{"type":"Feature","properties":{"i":501,"geoid":"245100806002"},"geometry":{"type":"Polygon","coordinates":[[[-76.595233,39.312158],[-76.595085,39.309588],[-76.598318,39.309477],[-76.598477,39.311991],[-76.595233,39.312158]]]}},{"type":"Feature","properties":{"i":502,"geoid":"245100806003"},"geometry":{"type":"Polygon","coordinates":[[[-76.591098,39.312313],[-76.590966,39.309756],[-76.59292,39.309700],[-76.593096,39.312217],[-76.591098,39.312313]]]}},{"type":"Feature","properties":{"i":503,"geoid":"245100806004"},"geometry":{"type":"Polygon","coordinates":[[[-76.595085,39.309588],[-76.595233,39.312158],[-76.593096,39.312217],[-76.592846,39.308641],[-76.598278,39.308424],[-76.598318,39.309477],[-76.595085,39.309588]]]}},{"type":"Feature","properties":{"i":504,"geoid":"245100807001"},"geometry":{"type":"Polygon","coordinates":[[[-76.598278,39.308424],[-76.588483,39.308804],[-76.588286,39.305639],[-76.598069,39.305222],[-76.598278,39.308424]]]}},{"type":"Feature","properties":{"i":505,"geoid":"245100808001"},"geometry":{"type":"Polygon","coordinates":[[[-76.592512,39.303326],[-76.592521,39.305451],[-76.588286,39.305639],[-76.588079,39.302138],[-76.594658,39.301880],[-76.594744,39.303245],[-76.592512,39.303326]]]}},{"type":"Feature","properties":{"i":506,"geoid":"245100808002"},"geometry":{"type":"Polygon","coordinates":[[[-76.592521,39.305451],[-76.592512,39.303326],[-76.594744,39.303245],[-76.594658,39.301880],[-76.597829,39.301744],[-76.598069,39.305222],[-76.592521,39.305451]]]}},{"type":"Feature","properties":{"i":507,"geoid":"245100901001"},"geometry":{"type":"Polygon","coordinates":[[[-76.607667,39.339677],[-76.606239,39.340171],[-76.600411,39.340171],[-76.600211,39.340064],[-76.600132,39.339240],[-76.601272,39.337557],[-76.601995,39.337545],[-76.602752,39.337881],[-76.603267,39.339159],[-76.607652,39.338704],[-76.609533,39.338664],[-76.609599,39.340171],[-76.607667,39.339677]]]}},{"type":"Feature","properties":{"i":508,"geoid":"245100901002"},"geometry":{"type":"Polygon","coordinates":[[[-76.600132,39.339240],[-76.599439,39.337963],[-76.595443,39.334029],[-76.600197,39.334038],[-76.600202,39.336760],[-76.601995,39.337545],[-76.601272,39.337557],[-76.600132,39.339240]]]}},{"type":"Feature","properties":{"i":509,"geoid":"245100901003"},"geometry":{"type":"Polygon","coordinates":[[[-76.606201,39.336213],[-76.602752,39.337881],[-76.600202,39.336760],[-76.600197,39.334038],[-76.607147,39.334060],[-76.607537,39.334483],[-76.607572,39.336310],[-76.606201,39.336213]]]}},{"type":"Feature","properties":{"i":510,"geoid":"245100901004"},"geometry":{"type":"Polygon","coordinates":[[[-76.607652,39.338704],[-76.60758,39.337324],[-76.606201,39.336213],[-76.607572,39.336310],[-76.607537,39.334483],[-76.609508,39.334456],[-76.609533,39.338664],[-76.607652,39.338704]]]}},{"type":"Feature","properties":{"i":511,"geoid":"245100901005"},"geometry":{"type":"Polygon","coordinates":[[[-76.603267,39.339159],[-76.602752,39.337881],[-76.606201,39.336213],[-76.60758,39.337324],[-76.607652,39.338704],[-76.603267,39.339159]]]}},{"type":"Feature","properties":{"i":512,"geoid":"245100902001"},"geometry":{"type":"Polygon","coordinates":[[[-76.596794,39.339082],[-76.592049,39.340157],[-76.585664,39.339927],[-76.582890,39.340170],[-76.580370,39.340170],[-76.578519,39.339611],[-76.576952,39.338625],[-76.578427,39.335491],[-76.576547,39.333861],[-76.583874,39.327912],[-76.584576,39.327046],[-76.585153,39.327308],[-76.589334,39.327297],[-76.588413,39.337754],[-76.594109,39.337683],[-76.594415,39.335332],[-76.595443,39.334029],[-76.599439,39.337963],[-76.600132,39.339240],[-76.600211,39.340064],[-76.596794,39.339082]]]}},{"type":"Feature","properties":{"i":513,"geoid":"245100902002"},"geometry":{"type":"Polygon","coordinates":[[[-76.594415,39.335332],[-76.594109,39.337683],[-76.588413,39.337754],[-76.589311,39.328364],[-76.595145,39.328346],[-76.595159,39.333146],[-76.595443,39.334029],[-76.594415,39.335332]]]}},{"type":"Feature","properties":{"i":514,"geoid":"245100903001"},"geometry":{"type":"Polygon","coordinates":[[[-76.603622,39.329889],[-76.6036,39.331692],[-76.599282,39.331683],[-76.599279,39.330139],[-76.595115,39.330136],[-76.595145,39.328346],[-76.608472,39.328332],[-76.606697,39.329863],[-76.603622,39.329889]]]}},{"type":"Feature","properties":{"i":515,"geoid":"245100903002"},"geometry":{"type":"Polygon","coordinates":[[[-76.607537,39.334483],[-76.607147,39.334060],[-76.604485,39.334039],[-76.603684,39.332276],[-76.603622,39.329889],[-76.606697,39.329863],[-76.608472,39.328332],[-76.609428,39.328314],[-76.609508,39.334456],[-76.607537,39.334483]]]}},{"type":"Feature","properties":{"i":516,"geoid":"245100903003"},"geometry":{"type":"Polygon","coordinates":[[[-76.604485,39.334039],[-76.595443,39.334029],[-76.595159,39.333146],[-76.595115,39.330136],[-76.599279,39.330139],[-76.599282,39.331683],[-76.6036,39.331692],[-76.603684,39.332276],[-76.604485,39.334039]]]}},{"type":"Feature","properties":{"i":517,"geoid":"245100904001"},"geometry":{"type":"Polygon","coordinates":[[[-76.608864,39.326469],[-76.601468,39.323707],[-76.605812,39.319457],[-76.607873,39.319552],[-76.605577,39.322327],[-76.609456,39.323443],[-76.609426,39.325400],[-76.608864,39.326469]]]}},{"type":"Feature","properties":{"i":518,"geoid":"245100904002"},"geometry":{"type":"Polygon","coordinates":[[[-76.609509,39.319519],[-76.609456,39.323443],[-76.605577,39.322327],[-76.607873,39.319552],[-76.609509,39.319519]]]}},{"type":"Feature","properties":{"i":519,"geoid":"245100905001"},"geometry":{"type":"Polygon","coordinates":[[[-76.601468,39.323707],[-76.598092,39.327669],[-76.597897,39.328329],[-76.595145,39.328346],[-76.593929,39.326224],[-76.601489,39.31879],[-76.603351,39.319181],[-76.605812,39.319457],[-76.601468,39.323707]]]}},{"type":"Feature","properties":{"i":520,"geoid":"245100905002"},"geometry":{"type":"Polygon","coordinates":[[[-76.609428,39.328314],[-76.597897,39.328329],[-76.598092,39.327669],[-76.601468,39.323707],[-76.608864,39.326469],[-76.609426,39.325400],[-76.609428,39.328314]]]}},{"type":"Feature","properties":{"i":521,"geoid":"245100906001"},"geometry":{"type":"Polygon","coordinates":[[[-76.585153,39.327308],[-76.584576,39.327046],[-76.58747,39.323563],[-76.588534,39.322829],[-76.588346,39.323581],[-76.589408,39.326086],[-76.589334,39.327297],[-76.585153,39.327308]]]}},{"type":"Feature","properties":{"i":522,"geoid":"245100906002"},"geometry":{"type":"Polygon","coordinates":[[[-76.595145,39.328346],[-76.589311,39.328364],[-76.589408,39.326086],[-76.59381,39.325966],[-76.595145,39.328346]]]}},{"type":"Feature","properties":{"i":523,"geoid":"245100906003"},"geometry":{"type":"Polygon","coordinates":[[[-76.59381,39.325966],[-76.589408,39.326086],[-76.588346,39.323581],[-76.588534,39.322829],[-76.590658,39.321238],[-76.592814,39.323208],[-76.59381,39.325966]]]}},{"type":"Feature","properties":{"i":524,"geoid":"245100907001"},"geometry":{"type":"Polygon","coordinates":[[[-76.593929,39.326224],[-76.592814,39.323208],[-76.590658,39.321238],[-76.591683,39.320260],[-76.596764,39.323456],[-76.593929,39.326224]]]}},{"type":"Feature","properties":{"i":525,"geoid":"245100907002"},"geometry":{"type":"Polygon","coordinates":[[[-76.596764,39.323456],[-76.591683,39.320260],[-76.592821,39.319178],[-76.597881,39.322359],[-76.596764,39.323456]]]}},{"type":"Feature","properties":{"i":526,"geoid":"245100907003"},"geometry":{"type":"Polygon","coordinates":[[[-76.596177,39.321297],[-76.592821,39.319178],[-76.594867,39.317238],[-76.597717,39.317921],[-76.598936,39.318703],[-76.596177,39.321297]]]}},{"type":"Feature","properties":{"i":527,"geoid":"245100907004"},"geometry":{"type":"Polygon","coordinates":[[[-76.597881,39.322359],[-76.596177,39.321297],[-76.598936,39.318703],[-76.597717,39.317921],[-76.601489,39.31879],[-76.597881,39.322359]]]}},{"type":"Feature","properties":{"i":528,"geoid":"245100908001"},"geometry":{"type":"Polygon","coordinates":[[[-76.609497,39.311404],[-76.609464,39.318111],[-76.60839,39.318137],[-76.60505,39.315272],[-76.607252,39.313175],[-76.607133,39.311536],[-76.609497,39.311404]]]}},{"type":"Feature","properties":{"i":529,"geoid":"245100908002"},"geometry":{"type":"Polygon","coordinates":[[[-76.60505,39.315272],[-76.60326,39.315475],[-76.599057,39.312960],[-76.59937,39.311941],[-76.607133,39.311536],[-76.607252,39.313175],[-76.60505,39.315272]]]}},{"type":"Feature","properties":{"i":530,"geoid":"245100908003"},"geometry":{"type":"Polygon","coordinates":[[[-76.607873,39.319552],[-76.603351,39.319181],[-76.594867,39.317238],[-76.597941,39.314262],[-76.599057,39.312960],[-76.60326,39.315475],[-76.60505,39.315272],[-76.60839,39.318137],[-76.609464,39.318111],[-76.609509,39.319519],[-76.607873,39.319552]]]}},{"type":"Feature","properties":{"i":531,"geoid":"245100909001"},"geometry":{"type":"Polygon","coordinates":[[[-76.600601,39.308315],[-76.60025,39.309400],[-76.598318,39.309477],[-76.598069,39.305222],[-76.603627,39.305018],[-76.603905,39.308216],[-76.600601,39.308315]]]}},{"type":"Feature","properties":{"i":532,"geoid":"245100909002"},"geometry":{"type":"Polygon","coordinates":[[[-76.609497,39.311404],[-76.598477,39.311991],[-76.598318,39.309477],[-76.60025,39.309400],[-76.600601,39.308315],[-76.603905,39.308216],[-76.603627,39.305018],[-76.608199,39.304839],[-76.609391,39.310070],[-76.609497,39.311404]]]}},{"type":"Feature","properties":{"i":533,"geoid":"245101001001"},"geometry":{"type":"Polygon","coordinates":[[[-76.603627,39.305018],[-76.598069,39.305222],[-76.597829,39.301744],[-76.604906,39.301490],[-76.603526,39.302918],[-76.603627,39.305018]]]}},{"type":"Feature","properties":{"i":534,"geoid":"245101001002"},"geometry":{"type":"Polygon","coordinates":[[[-76.611551,39.301223],[-76.61135,39.304715],[-76.603627,39.305018],[-76.603526,39.302918],[-76.604906,39.301490],[-76.611551,39.301223]]]}},{"type":"Feature","properties":{"i":535,"geoid":"245101002001"},"geometry":{"type":"Polygon","coordinates":[[[-76.60374,39.299074],[-76.600161,39.299192],[-76.599307,39.300315],[-76.59937,39.301681],[-76.597829,39.301744],[-76.597597,39.298251],[-76.604056,39.298001],[-76.60374,39.299074]]]}},{"type":"Feature","properties":{"i":536,"geoid":"245101002002"},"geometry":{"type":"Polygon","coordinates":[[[-76.604906,39.301490],[-76.59937,39.301681],[-76.599307,39.300315],[-76.600161,39.299192],[-76.605202,39.299017],[-76.604598,39.300108],[-76.604906,39.301490]]]}},{"type":"Feature","properties":{"i":537,"geoid":"245101002003"},"geometry":{"type":"Polygon","coordinates":[[[-76.604906,39.301490],[-76.604598,39.300108],[-76.605202,39.299017],[-76.60374,39.299074],[-76.604056,39.298001],[-76.606332,39.297912],[-76.607269,39.301360],[-76.604906,39.301490]]]}},{"type":"Feature","properties":{"i":538,"geoid":"245101003001"},"geometry":{"type":"Polygon","coordinates":[[[-76.611551,39.301223],[-76.607269,39.301360],[-76.606332,39.297912],[-76.611313,39.297707],[-76.611551,39.301223]]]}},{"type":"Feature","properties":{"i":539,"geoid":"245101101001"},"geometry":{"type":"Polygon","coordinates":[[[-76.613993,39.296387],[-76.614324,39.301086],[-76.611551,39.301223],[-76.611007,39.294532],[-76.613742,39.294685],[-76.614342,39.29512],[-76.613993,39.296387]]]}},{"type":"Feature","properties":{"i":540,"geoid":"245101101002"},"geometry":{"type":"Polygon","coordinates":[[[-76.614655,39.306021],[-76.612113,39.305771],[-76.61135,39.304715],[-76.611516,39.303603],[-76.614482,39.303524],[-76.614655,39.306021]]]}},{"type":"Feature","properties":{"i":541,"geoid":"245101101003"},"geometry":{"type":"Polygon","coordinates":[[[-76.611516,39.303603],[-76.611551,39.301223],[-76.614324,39.301086],[-76.614482,39.303524],[-76.611516,39.303603]]]}},{"type":"Feature","properties":{"i":542,"geoid":"245101102001"},"geometry":{"type":"Polygon","coordinates":[[[-76.614072,39.297358],[-76.613993,39.296387],[-76.614342,39.29512],[-76.616933,39.295049],[-76.61706,39.297324],[-76.614072,39.297358]]]}},{"type":"Feature","properties":{"i":543,"geoid":"245101102002"},"geometry":{"type":"Polygon","coordinates":[[[-76.617103,39.29753],[-76.616933,39.295049],[-76.619819,39.294930],[-76.619983,39.297358],[-76.617103,39.29753]]]}},{"type":"Feature","properties":{"i":544,"geoid":"245101102003"},"geometry":{"type":"Polygon","coordinates":[[[-76.614482,39.303524],[-76.614243,39.299721],[-76.61722,39.29962],[-76.617851,39.301801],[-76.618777,39.302308],[-76.618416,39.303361],[-76.614482,39.303524]]]}},{"type":"Feature","properties":{"i":545,"geoid":"245101102004"},"geometry":{"type":"Polygon","coordinates":[[[-76.620355,39.309123],[-76.615513,39.306330],[-76.614655,39.306021],[-76.614482,39.303524],[-76.618416,39.303361],[-76.618777,39.302308],[-76.620174,39.301142],[-76.621005,39.307234],[-76.620355,39.309123]]]}},{"type":"Feature","properties":{"i":546,"geoid":"245101102005"},"geometry":{"type":"Polygon","coordinates":[[[-76.61722,39.29962],[-76.614243,39.299721],[-76.614072,39.297358],[-76.61706,39.297324],[-76.61722,39.29962]]]}},{"type":"Feature","properties":{"i":547,"geoid":"245101102006"},"geometry":{"type":"Polygon","coordinates":[[[-76.618777,39.302308],[-76.617851,39.301801],[-76.61722,39.29962],[-76.617103,39.29753],[-76.619983,39.297358],[-76.620174,39.301142],[-76.618777,39.302308]]]}},{"type":"Feature","properties":{"i":548,"geoid":"245101201001"},"geometry":{"type":"Polygon","coordinates":[[[-76.615993,39.339015],[-76.613538,39.340171],[-76.610507,39.340171],[-76.60958,39.339798],[-76.609476,39.330965],[-76.614979,39.332664],[-76.616273,39.331472],[-76.617978,39.332480],[-76.618363,39.338530],[-76.615993,39.339015]]]}},{"type":"Feature","properties":{"i":549,"geoid":"245101201002"},"geometry":{"type":"Polygon","coordinates":[[[-76.620634,39.340170],[-76.620493,39.335678],[-76.622375,39.336656],[-76.62317,39.335925],[-76.624024,39.336479],[-76.625744,39.339604],[-76.625755,39.340169],[-76.620634,39.340170]]]}},{"type":"Feature","properties":{"i":550,"geoid":"245101201003"},"geometry":{"type":"Polygon","coordinates":[[[-76.620634,39.340170],[-76.619927,39.340170],[-76.618401,39.339254],[-76.618169,39.335773],[-76.620493,39.335678],[-76.620634,39.340170]]]}},{"type":"Feature","properties":{"i":551,"geoid":"245101201004"},"geometry":{"type":"Polygon","coordinates":[[[-76.620493,39.335678],[-76.618169,39.335773],[-76.617978,39.332480],[-76.62317,39.335925],[-76.622375,39.336656],[-76.620493,39.335678]]]}},{"type":"Feature","properties":{"i":552,"geoid":"245101202011"},"geometry":{"type":"Polygon","coordinates":[[[-76.609476,39.330965],[-76.60943,39.328495],[-76.613546,39.3284],[-76.613646,39.329921],[-76.616221,39.331527],[-76.614979,39.332664],[-76.609476,39.330965]]]}},{"type":"Feature","properties":{"i":553,"geoid":"245101202012"},"geometry":{"type":"Polygon","coordinates":[[[-76.60943,39.328495],[-76.609456,39.323443],[-76.613226,39.323381],[-76.613546,39.3284],[-76.60943,39.328495]]]}},{"type":"Feature","properties":{"i":554,"geoid":"245101202021"},"geometry":{"type":"Polygon","coordinates":[[[-76.624428,39.33188],[-76.62376,39.333933],[-76.624024,39.336479],[-76.617978,39.332480],[-76.617364,39.323207],[-76.620114,39.323152],[-76.620553,39.324686],[-76.62291,39.326261],[-76.625348,39.326223],[-76.624973,39.327824],[-76.625917,39.331158],[-76.624428,39.33188]]]}},{"type":"Feature","properties":{"i":555,"geoid":"245101202022"},"geometry":{"type":"Polygon","coordinates":[[[-76.613646,39.329921],[-76.613546,39.3284],[-76.616045,39.328317],[-76.616221,39.331527],[-76.613646,39.329921]]]}},{"type":"Feature","properties":{"i":556,"geoid":"245101202023"},"geometry":{"type":"Polygon","coordinates":[[[-76.616273,39.331472],[-76.616045,39.328317],[-76.617679,39.328017],[-76.617978,39.332480],[-76.616273,39.331472]]]}},{"type":"Feature","properties":{"i":557,"geoid":"245101202024"},"geometry":{"type":"Polygon","coordinates":[[[-76.613546,39.3284],[-76.613226,39.323381],[-76.615743,39.323287],[-76.616045,39.328317],[-76.613546,39.3284]]]}},{"type":"Feature","properties":{"i":558,"geoid":"245101202025"},"geometry":{"type":"Polygon","coordinates":[[[-76.616045,39.328317],[-76.615743,39.323287],[-76.617364,39.323207],[-76.617679,39.328017],[-76.616045,39.328317]]]}},{"type":"Feature","properties":{"i":559,"geoid":"245101203001"},"geometry":{"type":"Polygon","coordinates":[[[-76.615743,39.323287],[-76.609456,39.323443],[-76.609484,39.322149],[-76.615665,39.322002],[-76.615743,39.323287]]]}},{"type":"Feature","properties":{"i":560,"geoid":"245101203002"},"geometry":{"type":"Polygon","coordinates":[[[-76.615665,39.322002],[-76.609484,39.322149],[-76.609532,39.320922],[-76.615589,39.320712],[-76.615665,39.322002]]]}},{"type":"Feature","properties":{"i":561,"geoid":"245101203003"},"geometry":{"type":"Polygon","coordinates":[[[-76.609532,39.320922],[-76.609509,39.319519],[-76.615526,39.319420],[-76.615589,39.320712],[-76.609532,39.320922]]]}},{"type":"Feature","properties":{"i":562,"geoid":"245101203004"},"geometry":{"type":"Polygon","coordinates":[[[-76.609509,39.319519],[-76.60949,39.316234],[-76.611292,39.316558],[-76.615302,39.316412],[-76.615526,39.319420],[-76.609509,39.319519]]]}},{"type":"Feature","properties":{"i":563,"geoid":"245101204001"},"geometry":{"type":"Polygon","coordinates":[[[-76.615132,39.313279],[-76.612605,39.313396],[-76.612676,39.314392],[-76.611192,39.314439],[-76.609528,39.315065],[-76.609497,39.311404],[-76.614955,39.311065],[-76.615132,39.313279]]]}},{"type":"Feature","properties":{"i":564,"geoid":"245101204002"},"geometry":{"type":"Polygon","coordinates":[[[-76.611292,39.316558],[-76.60949,39.316234],[-76.609528,39.315065],[-76.611192,39.314439],[-76.612676,39.314392],[-76.612605,39.313396],[-76.615132,39.313279],[-76.615302,39.316412],[-76.611292,39.316558]]]}},{"type":"Feature","properties":{"i":565,"geoid":"245101205001"},"geometry":{"type":"Polygon","coordinates":[[[-76.623277,39.310848],[-76.612464,39.311194],[-76.612282,39.308914],[-76.614786,39.308815],[-76.614655,39.306021],[-76.615513,39.306330],[-76.623277,39.310848]]]}},{"type":"Feature","properties":{"i":566,"geoid":"245101205002"},"geometry":{"type":"Polygon","coordinates":[[[-76.612282,39.308914],[-76.612464,39.311194],[-76.609497,39.311404],[-76.609391,39.310070],[-76.608199,39.304839],[-76.61135,39.304715],[-76.612113,39.305771],[-76.614655,39.306021],[-76.614786,39.308815],[-76.612282,39.308914]]]}},{"type":"Feature","properties":{"i":567,"geoid":"245101206001"},"geometry":{"type":"Polygon","coordinates":[[[-76.620114,39.323152],[-76.615743,39.323287],[-76.615589,39.320712],[-76.619908,39.320531],[-76.620114,39.323152]]]}},{"type":"Feature","properties":{"i":568,"geoid":"245101206002"},"geometry":{"type":"Polygon","coordinates":[[[-76.615589,39.320712],[-76.615273,39.315363],[-76.619559,39.315159],[-76.619908,39.320531],[-76.615589,39.320712]]]}},{"type":"Feature","properties":{"i":569,"geoid":"245101206003"},"geometry":{"type":"Polygon","coordinates":[[[-76.615273,39.315363],[-76.614955,39.311065],[-76.619354,39.310955],[-76.619559,39.315159],[-76.615273,39.315363]]]}},{"type":"Feature","properties":{"i":570,"geoid":"245101207001"},"geometry":{"type":"Polygon","coordinates":[[[-76.626023,39.325335],[-76.625348,39.326223],[-76.62291,39.326261],[-76.620553,39.324686],[-76.620114,39.323152],[-76.624971,39.320884],[-76.626177,39.320842],[-76.626023,39.325335]]]}},{"type":"Feature","properties":{"i":571,"geoid":"245101207002"},"geometry":{"type":"Polygon","coordinates":[[[-76.624971,39.320884],[-76.623463,39.321579],[-76.620114,39.323152],[-76.619908,39.320531],[-76.624469,39.318685],[-76.626752,39.320888],[-76.624971,39.320884]]]}},{"type":"Feature","properties":{"i":572,"geoid":"245101207003"},"geometry":{"type":"Polygon","coordinates":[[[-76.627476,39.320483],[-76.626752,39.320888],[-76.624469,39.318685],[-76.619908,39.320531],[-76.619354,39.310955],[-76.623277,39.310848],[-76.625574,39.312345],[-76.628466,39.315399],[-76.629888,39.318154],[-76.627476,39.320483]]]}},{"type":"Feature","properties":{"i":573,"geoid":"245101301001"},"geometry":{"type":"Polygon","coordinates":[[[-76.636903,39.316914],[-76.633956,39.317011],[-76.633913,39.314402],[-76.635049,39.314195],[-76.637783,39.312614],[-76.640303,39.315139],[-76.639406,39.315838],[-76.636903,39.316914]]]}},{"type":"Feature","properties":{"i":574,"geoid":"245101301002"},"geometry":{"type":"Polygon","coordinates":[[[-76.630594,39.316802],[-76.62943,39.317080],[-76.628466,39.315399],[-76.627862,39.314748],[-76.62961,39.313745],[-76.631388,39.313643],[-76.631412,39.314419],[-76.633913,39.314402],[-76.633956,39.317011],[-76.630594,39.316802]]]}},{"type":"Feature","properties":{"i":575,"geoid":"245101302001"},"geometry":{"type":"Polygon","coordinates":[[[-76.62961,39.313745],[-76.627862,39.314748],[-76.625574,39.312345],[-76.623277,39.310848],[-76.628003,39.310573],[-76.628165,39.312880],[-76.631376,39.312728],[-76.631388,39.313643],[-76.62961,39.313745]]]}},{"type":"Feature","properties":{"i":576,"geoid":"245101302002"},"geometry":{"type":"Polygon","coordinates":[[[-76.631376,39.312728],[-76.628165,39.312880],[-76.628003,39.310573],[-76.632189,39.310385],[-76.631628,39.311538],[-76.631376,39.312728]]]}},{"type":"Feature","properties":{"i":577,"geoid":"245101302003"},"geometry":{"type":"Polygon","coordinates":[[[-76.6331,39.313039],[-76.631628,39.311538],[-76.632189,39.310385],[-76.633896,39.310335],[-76.636683,39.313245],[-76.635049,39.314195],[-76.6331,39.313039]]]}},{"type":"Feature","properties":{"i":578,"geoid":"245101302004"},"geometry":{"type":"Polygon","coordinates":[[[-76.631412,39.314419],[-76.631376,39.312728],[-76.631628,39.311538],[-76.6331,39.313039],[-76.635049,39.314195],[-76.633913,39.314402],[-76.631412,39.314419]]]}},{"type":"Feature","properties":{"i":579,"geoid":"245101303001"},"geometry":{"type":"Polygon","coordinates":[[[-76.637783,39.312614],[-76.636683,39.313245],[-76.633896,39.310335],[-76.636986,39.310318],[-76.641075,39.314527],[-76.640303,39.315139],[-76.637783,39.312614]]]}},{"type":"Feature","properties":{"i":580,"geoid":"245101303002"},"geometry":{"type":"Polygon","coordinates":[[[-76.641075,39.314527],[-76.636986,39.310318],[-76.638331,39.310236],[-76.640141,39.311184],[-76.644557,39.314875],[-76.643631,39.315793],[-76.641075,39.314527]]]}},{"type":"Feature","properties":{"i":581,"geoid":"245101303003"},"geometry":{"type":"Polygon","coordinates":[[[-76.644557,39.314875],[-76.640141,39.311184],[-76.638331,39.310236],[-76.642514,39.310089],[-76.646316,39.313247],[-76.644557,39.314875]]]}},{"type":"Feature","properties":{"i":582,"geoid":"245101304001"},"geometry":{"type":"Polygon","coordinates":[[[-76.655061,39.329542],[-76.654032,39.330291],[-76.651891,39.331050],[-76.646191,39.329904],[-76.642788,39.329658],[-76.640014,39.326736],[-76.6343,39.324737],[-76.632701,39.323496],[-76.62943,39.317080],[-76.630594,39.316802],[-76.633956,39.317011],[-76.636903,39.316914],[-76.639406,39.315838],[-76.641697,39.315513],[-76.645709,39.316892],[-76.646323,39.316982],[-76.647936,39.318535],[-76.650494,39.316704],[-76.652477,39.318549],[-76.657528,39.325453],[-76.655061,39.329542]]]}},{"type":"Feature","properties":{"i":583,"geoid":"245101304002"},"geometry":{"type":"Polygon","coordinates":[[[-76.645709,39.316892],[-76.641697,39.315513],[-76.639406,39.315838],[-76.641075,39.314527],[-76.643631,39.315793],[-76.646316,39.313247],[-76.648725,39.315224],[-76.646323,39.316982],[-76.645709,39.316892]]]}},{"type":"Feature","properties":{"i":584,"geoid":"245101304003"},"geometry":{"type":"Polygon","coordinates":[[[-76.647936,39.318535],[-76.646323,39.316982],[-76.648725,39.315224],[-76.650494,39.316704],[-76.647936,39.318535]]]}},{"type":"Feature","properties":{"i":585,"geoid":"245101306001"},"geometry":{"type":"Polygon","coordinates":[[[-76.632623,39.326815],[-76.629176,39.327030],[-76.625948,39.326949],[-76.625348,39.326223],[-76.626023,39.325335],[-76.626177,39.320842],[-76.626752,39.320888],[-76.627476,39.320483],[-76.629888,39.318154],[-76.632701,39.323496],[-76.6343,39.324737],[-76.632623,39.326815]]]}},{"type":"Feature","properties":{"i":586,"geoid":"245101306002"},"geometry":{"type":"Polygon","coordinates":[[[-76.626759,39.331329],[-76.625917,39.331158],[-76.624973,39.327824],[-76.625348,39.326223],[-76.625948,39.326949],[-76.629176,39.327030],[-76.6294,39.331253],[-76.626759,39.331329]]]}},{"type":"Feature","properties":{"i":587,"geoid":"245101306003"},"geometry":{"type":"Polygon","coordinates":[[[-76.631077,39.328606],[-76.631254,39.331172],[-76.6294,39.331253],[-76.629176,39.327030],[-76.632109,39.326921],[-76.632399,39.328549],[-76.631077,39.328606]]]}},{"type":"Feature","properties":{"i":588,"geoid":"245101306004"},"geometry":{"type":"Polygon","coordinates":[[[-76.635446,39.332612],[-76.631359,39.332814],[-76.631077,39.328606],[-76.632399,39.328549],[-76.632109,39.326921],[-76.632623,39.326815],[-76.633653,39.325567],[-76.633210,39.32697],[-76.634924,39.330864],[-76.635446,39.332612]]]}},{"type":"Feature","properties":{"i":589,"geoid":"245101307001"},"geometry":{"type":"Polygon","coordinates":[[[-76.631389,39.339325],[-76.62858,39.339435],[-76.62846,39.337229],[-76.633081,39.337146],[-76.634058,39.340166],[-76.632504,39.340167],[-76.631389,39.339325]]]}},{"type":"Feature","properties":{"i":590,"geoid":"245101307002"},"geometry":{"type":"Polygon","coordinates":[[[-76.627683,39.339122],[-76.625566,39.337350],[-76.624544,39.336790],[-76.625921,39.335400],[-76.625787,39.333045],[-76.628145,39.332949],[-76.62858,39.339435],[-76.627683,39.339122]]]}},{"type":"Feature","properties":{"i":591,"geoid":"245101307003"},"geometry":{"type":"Polygon","coordinates":[[[-76.631359,39.332814],[-76.625787,39.333045],[-76.625921,39.335400],[-76.624544,39.336790],[-76.624024,39.336479],[-76.62376,39.333933],[-76.624428,39.33188],[-76.625917,39.331158],[-76.626759,39.331329],[-76.631254,39.331172],[-76.631359,39.332814]]]}},{"type":"Feature","properties":{"i":592,"geoid":"245101307004"},"geometry":{"type":"Polygon","coordinates":[[[-76.636283,39.337879],[-76.633081,39.337146],[-76.632791,39.332742],[-76.635446,39.332612],[-76.636749,39.336751],[-76.637361,39.337635],[-76.636283,39.337879]]]}},{"type":"Feature","properties":{"i":593,"geoid":"245101307005"},"geometry":{"type":"Polygon","coordinates":[[[-76.634058,39.340166],[-76.633081,39.337146],[-76.636283,39.337879],[-76.637361,39.337635],[-76.639051,39.340165],[-76.634058,39.340166]]]}},{"type":"Feature","properties":{"i":594,"geoid":"245101307006"},"geometry":{"type":"Polygon","coordinates":[[[-76.633081,39.337146],[-76.62846,39.337229],[-76.628145,39.332949],[-76.632791,39.332742],[-76.633081,39.337146]]]}},{"type":"Feature","properties":{"i":595,"geoid":"245101308031"},"geometry":{"type":"Polygon","coordinates":[[[-76.647714,39.340162],[-76.646033,39.340162],[-76.64611,39.339911],[-76.645442,39.339055],[-76.64446,39.339306],[-76.643965,39.338583],[-76.640542,39.339069],[-76.64226,39.337098],[-76.640385,39.336448],[-76.644627,39.334752],[-76.647326,39.33837],[-76.647767,39.339615],[-76.647714,39.340162]]]}},{"type":"Feature","properties":{"i":596,"geoid":"245101308033"},"geometry":{"type":"Polygon","coordinates":[[[-76.639051,39.340165],[-76.637361,39.337635],[-76.640385,39.336448],[-76.64226,39.337098],[-76.640542,39.339069],[-76.643965,39.338583],[-76.64446,39.339306],[-76.645442,39.339055],[-76.64611,39.339911],[-76.646033,39.340162],[-76.639051,39.340165]]]}},{"type":"Feature","properties":{"i":597,"geoid":"245101308041"},"geometry":{"type":"Polygon","coordinates":[[[-76.644627,39.334752],[-76.637361,39.337635],[-76.636749,39.336751],[-76.635638,39.333201],[-76.640797,39.332076],[-76.642269,39.331922],[-76.643234,39.332892],[-76.644627,39.334752]]]}},{"type":"Feature","properties":{"i":598,"geoid":"245101308042"},"geometry":{"type":"Polygon","coordinates":[[[-76.640797,39.332076],[-76.635638,39.333201],[-76.634924,39.330864],[-76.633210,39.32697],[-76.633653,39.325567],[-76.6343,39.324737],[-76.640014,39.326736],[-76.640528,39.327216],[-76.641929,39.331494],[-76.642269,39.331922],[-76.640797,39.332076]]]}},{"type":"Feature","properties":{"i":599,"geoid":"245101308061"},"geometry":{"type":"Polygon","coordinates":[[[-76.647767,39.339615],[-76.647326,39.33837],[-76.643234,39.332892],[-76.641929,39.331494],[-76.640528,39.327216],[-76.642788,39.329658],[-76.646191,39.329904],[-76.651891,39.331050],[-76.654032,39.330291],[-76.655735,39.333053],[-76.655964,39.333549],[-76.655937,39.334611],[-76.656604,39.337846],[-76.657829,39.339069],[-76.658187,39.340157],[-76.647714,39.340162],[-76.647767,39.339615]]]}},{"type":"Feature","properties":{"i":600,"geoid":"245101401001"},"geometry":{"type":"Polygon","coordinates":[[[-76.620355,39.309123],[-76.621005,39.307234],[-76.62076,39.304815],[-76.621466,39.304886],[-76.625973,39.308484],[-76.62304,39.310709],[-76.620355,39.309123]]]}},{"type":"Feature","properties":{"i":601,"geoid":"245101401002"},"geometry":{"type":"Polygon","coordinates":[[[-76.623277,39.310848],[-76.62304,39.310709],[-76.62692,39.307763],[-76.629938,39.310496],[-76.623277,39.310848]]]}},{"type":"Feature","properties":{"i":602,"geoid":"245101401003"},"geometry":{"type":"Polygon","coordinates":[[[-76.633658,39.310340],[-76.629938,39.310496],[-76.62692,39.307763],[-76.628783,39.306354],[-76.633658,39.310340]]]}},{"type":"Feature","properties":{"i":603,"geoid":"245101401004"},"geometry":{"type":"Polygon","coordinates":[[[-76.625973,39.308484],[-76.621466,39.304886],[-76.62076,39.304815],[-76.620723,39.304351],[-76.624132,39.303841],[-76.625118,39.303182],[-76.628783,39.306354],[-76.625973,39.308484]]]}},{"type":"Feature","properties":{"i":604,"geoid":"245101402001"},"geometry":{"type":"Polygon","coordinates":[[[-76.630761,39.307946],[-76.626905,39.304783],[-76.628764,39.303409],[-76.632258,39.306807],[-76.630761,39.307946]]]}},{"type":"Feature","properties":{"i":605,"geoid":"245101402002"},"geometry":{"type":"Polygon","coordinates":[[[-76.632258,39.306807],[-76.628764,39.303409],[-76.630627,39.302005],[-76.634526,39.305161],[-76.632258,39.306807]]]}},{"type":"Feature","properties":{"i":606,"geoid":"245101402003"},"geometry":{"type":"Polygon","coordinates":[[[-76.634526,39.305161],[-76.630627,39.302005],[-76.634475,39.299142],[-76.636829,39.303420],[-76.634526,39.305161]]]}},{"type":"Feature","properties":{"i":607,"geoid":"245101403001"},"geometry":{"type":"Polygon","coordinates":[[[-76.638372,39.310236],[-76.633658,39.310340],[-76.632658,39.309498],[-76.634665,39.308062],[-76.636342,39.308301],[-76.638372,39.310236]]]}},{"type":"Feature","properties":{"i":608,"geoid":"245101403002"},"geometry":{"type":"Polygon","coordinates":[[[-76.638372,39.310236],[-76.636342,39.308301],[-76.638823,39.306992],[-76.642514,39.310089],[-76.638372,39.310236]]]}},{"type":"Feature","properties":{"i":609,"geoid":"245101403003"},"geometry":{"type":"Polygon","coordinates":[[[-76.632658,39.309498],[-76.630761,39.307946],[-76.633407,39.305969],[-76.635402,39.307516],[-76.632658,39.309498]]]}},{"type":"Feature","properties":{"i":610,"geoid":"245101403004"},"geometry":{"type":"Polygon","coordinates":[[[-76.636342,39.308301],[-76.634665,39.308062],[-76.635402,39.307516],[-76.633407,39.305969],[-76.636829,39.303420],[-76.638823,39.306992],[-76.636342,39.308301]]]}},{"type":"Feature","properties":{"i":611,"geoid":"245101501001"},"geometry":{"type":"Polygon","coordinates":[[[-76.642514,39.310089],[-76.640392,39.3083],[-76.642216,39.306939],[-76.644839,39.306727],[-76.645006,39.309944],[-76.642514,39.310089]]]}},{"type":"Feature","properties":{"i":612,"geoid":"245101501002"},"geometry":{"type":"Polygon","coordinates":[[[-76.642216,39.306939],[-76.640392,39.3083],[-76.638823,39.306992],[-76.638033,39.305596],[-76.643346,39.305411],[-76.643418,39.306773],[-76.642216,39.306939]]]}},{"type":"Feature","properties":{"i":613,"geoid":"245101501003"},"geometry":{"type":"Polygon","coordinates":[[[-76.643418,39.306773],[-76.643346,39.305411],[-76.638033,39.305596],[-76.636829,39.303420],[-76.644643,39.303175],[-76.644839,39.306727],[-76.643418,39.306773]]]}},{"type":"Feature","properties":{"i":614,"geoid":"245101502001"},"geometry":{"type":"Polygon","coordinates":[[[-76.651191,39.307766],[-76.648082,39.307865],[-76.64791,39.305246],[-76.644769,39.305351],[-76.644643,39.303175],[-76.647787,39.303061],[-76.647717,39.302304],[-76.64865,39.302917],[-76.651607,39.30335],[-76.651048,39.305114],[-76.651191,39.307766]]]}},{"type":"Feature","properties":{"i":615,"geoid":"245101502002"},"geometry":{"type":"Polygon","coordinates":[[[-76.644913,39.308006],[-76.644769,39.305351],[-76.64791,39.305246],[-76.648082,39.307865],[-76.644913,39.308006]]]}},{"type":"Feature","properties":{"i":616,"geoid":"245101502003"},"geometry":{"type":"Polygon","coordinates":[[[-76.645006,39.309944],[-76.644913,39.308006],[-76.651191,39.307766],[-76.651339,39.30968],[-76.645006,39.309944]]]}},{"type":"Feature","properties":{"i":617,"geoid":"245101503001"},"geometry":{"type":"Polygon","coordinates":[[[-76.651339,39.30968],[-76.651191,39.307766],[-76.655861,39.307593],[-76.655994,39.309507],[-76.651339,39.30968]]]}},{"type":"Feature","properties":{"i":618,"geoid":"245101503002"},"geometry":{"type":"Polygon","coordinates":[[[-76.651191,39.307766],[-76.651048,39.305114],[-76.651607,39.30335],[-76.653788,39.303908],[-76.653936,39.306395],[-76.655,39.307633],[-76.651191,39.307766]]]}},{"type":"Feature","properties":{"i":619,"geoid":"245101503003"},"geometry":{"type":"Polygon","coordinates":[[[-76.655994,39.309507],[-76.655861,39.307593],[-76.655,39.307633],[-76.653936,39.306395],[-76.653788,39.303908],[-76.657936,39.305371],[-76.659292,39.306517],[-76.660015,39.308330],[-76.659985,39.309368],[-76.655994,39.309507]]]}},{"type":"Feature","properties":{"i":620,"geoid":"245101504001"},"geometry":{"type":"Polygon","coordinates":[[[-76.650494,39.316704],[-76.645408,39.312514],[-76.645904,39.312133],[-76.65145,39.311832],[-76.651655,39.315258],[-76.651958,39.315745],[-76.650494,39.316704]]]}},{"type":"Feature","properties":{"i":621,"geoid":"245101504002"},"geometry":{"type":"Polygon","coordinates":[[[-76.645904,39.312133],[-76.645408,39.312514],[-76.642514,39.310089],[-76.651339,39.30968],[-76.65145,39.311832],[-76.645904,39.312133]]]}},{"type":"Feature","properties":{"i":622,"geoid":"245101504003"},"geometry":{"type":"Polygon","coordinates":[[[-76.659779,39.315224],[-76.657701,39.315812],[-76.651958,39.315745],[-76.651655,39.315258],[-76.651339,39.30968],[-76.659985,39.309368],[-76.659625,39.314451],[-76.659779,39.315224]]]}},{"type":"Feature","properties":{"i":623,"geoid":"245101505001"},"geometry":{"type":"Polygon","coordinates":[[[-76.664302,39.327512],[-76.661594,39.326913],[-76.658867,39.327067],[-76.652477,39.318549],[-76.653199,39.318606],[-76.664776,39.322194],[-76.66414,39.325972],[-76.664302,39.327512]]]}},{"type":"Feature","properties":{"i":624,"geoid":"245101505002"},"geometry":{"type":"Polygon","coordinates":[[[-76.653199,39.318606],[-76.652477,39.318549],[-76.650494,39.316704],[-76.651958,39.315745],[-76.657701,39.315812],[-76.659779,39.315224],[-76.664217,39.320288],[-76.664776,39.322194],[-76.653199,39.318606]]]}},{"type":"Feature","properties":{"i":625,"geoid":"245101506001"},"geometry":{"type":"Polygon","coordinates":[[[-76.661319,39.311445],[-76.661728,39.314726],[-76.659779,39.315224],[-76.659625,39.314451],[-76.660015,39.308330],[-76.662205,39.308290],[-76.663404,39.307311],[-76.664032,39.309212],[-76.664137,39.311374],[-76.661319,39.311445]]]}},{"type":"Feature","properties":{"i":626,"geoid":"245101506002"},"geometry":{"type":"Polygon","coordinates":[[[-76.663404,39.307311],[-76.662205,39.308290],[-76.660015,39.308330],[-76.659292,39.306517],[-76.659038,39.306251],[-76.665595,39.30596],[-76.665676,39.307226],[-76.663404,39.307311]]]}},{"type":"Feature","properties":{"i":627,"geoid":"245101506003"},"geometry":{"type":"Polygon","coordinates":[[[-76.676016,39.310916],[-76.664137,39.311374],[-76.664032,39.309212],[-76.675814,39.308811],[-76.676016,39.310916]]]}},{"type":"Feature","properties":{"i":628,"geoid":"245101506004"},"geometry":{"type":"Polygon","coordinates":[[[-76.676016,39.310916],[-76.675814,39.308811],[-76.664032,39.309212],[-76.663404,39.307311],[-76.665676,39.307226],[-76.665595,39.30596],[-76.667324,39.305903],[-76.668405,39.307116],[-76.672291,39.307204],[-76.674123,39.306267],[-76.676717,39.306748],[-76.679261,39.306865],[-76.680565,39.310762],[-76.676016,39.310916]]]}},{"type":"Feature","properties":{"i":629,"geoid":"245101507011"},"geometry":{"type":"Polygon","coordinates":[[[-76.674495,39.315238],[-76.671314,39.315353],[-76.671342,39.315975],[-76.667972,39.315989],[-76.667868,39.314404],[-76.674418,39.314163],[-76.674495,39.315238]]]}},{"type":"Feature","properties":{"i":630,"geoid":"245101507012"},"geometry":{"type":"Polygon","coordinates":[[[-76.672888,39.321345],[-76.67145,39.324189],[-76.664776,39.322194],[-76.664217,39.320288],[-76.659779,39.315224],[-76.661728,39.314726],[-76.667868,39.314404],[-76.667972,39.315989],[-76.671342,39.315975],[-76.671314,39.315353],[-76.674495,39.315238],[-76.674862,39.321180],[-76.674532,39.321829],[-76.672888,39.321345]]]}},{"type":"Feature","properties":{"i":631,"geoid":"245101507021"},"geometry":{"type":"Polygon","coordinates":[[[-76.661728,39.314726],[-76.661319,39.311445],[-76.66591,39.311320],[-76.666091,39.314457],[-76.661728,39.314726]]]}},{"type":"Feature","properties":{"i":632,"geoid":"245101507022"},"geometry":{"type":"Polygon","coordinates":[[[-76.674418,39.314163],[-76.666091,39.314457],[-76.66591,39.311320],[-76.674239,39.311032],[-76.674418,39.314163]]]}},{"type":"Feature","properties":{"i":633,"geoid":"245101508001"},"geometry":{"type":"Polygon","coordinates":[[[-76.681133,39.314092],[-76.67443,39.314333],[-76.674239,39.311032],[-76.680565,39.310762],[-76.681133,39.314092]]]}},{"type":"Feature","properties":{"i":634,"geoid":"245101508002"},"geometry":{"type":"Polygon","coordinates":[[[-76.674532,39.321829],[-76.674862,39.321180],[-76.67443,39.314333],[-76.677929,39.314204],[-76.678215,39.31752],[-76.678134,39.318222],[-76.677197,39.320261],[-76.678584,39.321468],[-76.677922,39.322843],[-76.674532,39.321829]]]}},{"type":"Feature","properties":{"i":635,"geoid":"245101508003"},"geometry":{"type":"Polygon","coordinates":[[[-76.678134,39.318222],[-76.678215,39.31752],[-76.677929,39.314204],[-76.681133,39.314092],[-76.68164,39.318101],[-76.678134,39.318222]]]}},{"type":"Feature","properties":{"i":636,"geoid":"245101508004"},"geometry":{"type":"Polygon","coordinates":[[[-76.681084,39.323357],[-76.67977,39.322089],[-76.678584,39.321468],[-76.677197,39.320261],[-76.678134,39.318222],[-76.68164,39.318101],[-76.681914,39.321316],[-76.682747,39.322851],[-76.681084,39.323357]]]}},{"type":"Feature","properties":{"i":637,"geoid":"245101508005"},"geometry":{"type":"Polygon","coordinates":[[[-76.681068,39.326945],[-76.67145,39.324189],[-76.672888,39.321345],[-76.677922,39.322843],[-76.678584,39.321468],[-76.67977,39.322089],[-76.681084,39.323357],[-76.682092,39.325027],[-76.681068,39.326945]]]}},{"type":"Feature","properties":{"i":638,"geoid":"245101509001"},"geometry":{"type":"Polygon","coordinates":[[[-76.682564,39.325842],[-76.681084,39.323357],[-76.685739,39.321947],[-76.686259,39.322895],[-76.689193,39.322019],[-76.690069,39.323586],[-76.682564,39.325842]]]}},{"type":"Feature","properties":{"i":639,"geoid":"245101509002"},"geometry":{"type":"Polygon","coordinates":[[[-76.686259,39.322895],[-76.685739,39.321947],[-76.682747,39.322851],[-76.681914,39.321316],[-76.681841,39.32009],[-76.682998,39.320051],[-76.688122,39.31795],[-76.688862,39.31903],[-76.687748,39.321439],[-76.690145,39.320985],[-76.689193,39.322019],[-76.686259,39.322895]]]}},{"type":"Feature","properties":{"i":640,"geoid":"245101509003"},"geometry":{"type":"Polygon","coordinates":[[[-76.682998,39.320051],[-76.681841,39.32009],[-76.681301,39.315002],[-76.685541,39.315668],[-76.686725,39.315368],[-76.687295,39.315496],[-76.688122,39.31795],[-76.682998,39.320051]]]}},{"type":"Feature","properties":{"i":641,"geoid":"245101509004"},"geometry":{"type":"Polygon","coordinates":[[[-76.685457,39.312767],[-76.686725,39.315368],[-76.685541,39.315668],[-76.681301,39.315002],[-76.680565,39.310762],[-76.679261,39.306865],[-76.676717,39.306748],[-76.674123,39.306267],[-76.674142,39.305682],[-76.673563,39.303264],[-76.67421,39.302373],[-76.675441,39.303516],[-76.678912,39.304989],[-76.681403,39.306571],[-76.686431,39.305348],[-76.687203,39.305490],[-76.69036,39.309557],[-76.690004,39.312386],[-76.685457,39.312767]]]}},{"type":"Feature","properties":{"i":642,"geoid":"245101510001"},"geometry":{"type":"Polygon","coordinates":[[[-76.681343,39.337782],[-76.679078,39.337035],[-76.678674,39.331757],[-76.680289,39.33222],[-76.682702,39.332216],[-76.682796,39.332851],[-76.684652,39.335658],[-76.684754,39.337699],[-76.681343,39.337782]]]}},{"type":"Feature","properties":{"i":643,"geoid":"245101510002"},"geometry":{"type":"Polygon","coordinates":[[[-76.681068,39.326945],[-76.682092,39.325027],[-76.682564,39.325842],[-76.690069,39.323586],[-76.687421,39.328837],[-76.681068,39.326945]]]}},{"type":"Feature","properties":{"i":644,"geoid":"245101510003"},"geometry":{"type":"Polygon","coordinates":[[[-76.682509,39.330451],[-76.682702,39.332216],[-76.680289,39.33222],[-76.678674,39.331757],[-76.681068,39.326945],[-76.688580,39.329184],[-76.688646,39.330430],[-76.682509,39.330451]]]}},{"type":"Feature","properties":{"i":645,"geoid":"245101510004"},"geometry":{"type":"Polygon","coordinates":[[[-76.689361,39.333976],[-76.68369,39.334251],[-76.682796,39.332851],[-76.682509,39.330451],[-76.688646,39.330430],[-76.690866,39.331013],[-76.689361,39.333976]]]}},{"type":"Feature","properties":{"i":646,"geoid":"245101510005"},"geometry":{"type":"Polygon","coordinates":[[[-76.684754,39.337699],[-76.684652,39.335658],[-76.68369,39.334251],[-76.689361,39.333976],[-76.689362,39.337676],[-76.684754,39.337699]]]}},{"type":"Feature","properties":{"i":647,"geoid":"245101510006"},"geometry":{"type":"Polygon","coordinates":[[[-76.677964,39.339925],[-76.679172,39.338279],[-76.679078,39.337035],[-76.681343,39.337782],[-76.689362,39.337676],[-76.689375,39.340137],[-76.678686,39.340145],[-76.677964,39.339925]]]}},{"type":"Feature","properties":{"i":648,"geoid":"245101511001"},"geometry":{"type":"Polygon","coordinates":[[[-76.679172,39.338279],[-76.677964,39.339925],[-76.676243,39.339098],[-76.673019,39.336977],[-76.676952,39.335452],[-76.678891,39.335313],[-76.679172,39.338279]]]}},{"type":"Feature","properties":{"i":649,"geoid":"245101511002"},"geometry":{"type":"Polygon","coordinates":[[[-76.673019,39.336977],[-76.666693,39.333960],[-76.66589,39.332968],[-76.664302,39.327512],[-76.665790,39.329876],[-76.668372,39.330404],[-76.669117,39.328928],[-76.675414,39.336037],[-76.673019,39.336977]]]}},{"type":"Feature","properties":{"i":650,"geoid":"245101511003"},"geometry":{"type":"Polygon","coordinates":[[[-76.669117,39.328928],[-76.668372,39.330404],[-76.665790,39.329876],[-76.664302,39.327512],[-76.66414,39.325972],[-76.664776,39.322194],[-76.669499,39.323619],[-76.667146,39.328323],[-76.669117,39.328928]]]}},{"type":"Feature","properties":{"i":651,"geoid":"245101511004"},"geometry":{"type":"Polygon","coordinates":[[[-76.671171,39.331237],[-76.669117,39.328928],[-76.667146,39.328323],[-76.669499,39.323619],[-76.674659,39.325134],[-76.672299,39.329884],[-76.671171,39.331237]]]}},{"type":"Feature","properties":{"i":652,"geoid":"245101511005"},"geometry":{"type":"Polygon","coordinates":[[[-76.676952,39.335452],[-76.675414,39.336037],[-76.673627,39.333997],[-76.675292,39.330779],[-76.678674,39.331757],[-76.678891,39.335313],[-76.676952,39.335452]]]}},{"type":"Feature","properties":{"i":653,"geoid":"245101511006"},"geometry":{"type":"Polygon","coordinates":[[[-76.675292,39.330779],[-76.673627,39.333997],[-76.671171,39.331237],[-76.672299,39.329884],[-76.674659,39.325134],[-76.681068,39.326945],[-76.678674,39.331757],[-76.675292,39.330779]]]}},{"type":"Feature","properties":{"i":654,"geoid":"245101512001"},"geometry":{"type":"Polygon","coordinates":[[[-76.656359,39.336504],[-76.655937,39.334611],[-76.655964,39.333549],[-76.654032,39.330291],[-76.655061,39.329542],[-76.657528,39.325453],[-76.657842,39.325713],[-76.657558,39.327368],[-76.659005,39.329466],[-76.658149,39.329880],[-76.659454,39.332623],[-76.657871,39.333330],[-76.659844,39.335652],[-76.656359,39.336504]]]}},{"type":"Feature","properties":{"i":655,"geoid":"245101512002"},"geometry":{"type":"Polygon","coordinates":[[[-76.66223,39.32964],[-76.659355,39.32771],[-76.661594,39.326913],[-76.664302,39.327512],[-76.66589,39.332968],[-76.665061,39.333384],[-76.66223,39.32964]]]}},{"type":"Feature","properties":{"i":656,"geoid":"245101512003"},"geometry":{"type":"Polygon","coordinates":[[[-76.657871,39.333330],[-76.659454,39.332623],[-76.658149,39.329880],[-76.659005,39.329466],[-76.662664,39.33451],[-76.659844,39.335652],[-76.657871,39.333330]]]}},{"type":"Feature","properties":{"i":657,"geoid":"245101512004"},"geometry":{"type":"Polygon","coordinates":[[[-76.662664,39.33451],[-76.657558,39.327368],[-76.657842,39.325713],[-76.658867,39.327067],[-76.661594,39.326913],[-76.659355,39.32771],[-76.66223,39.32964],[-76.665061,39.333384],[-76.662664,39.33451]]]}},{"type":"Feature","properties":{"i":658,"geoid":"245101513001"},"geometry":{"type":"Polygon","coordinates":[[[-76.657829,39.339069],[-76.656604,39.337846],[-76.660406,39.336701],[-76.661667,39.339079],[-76.662472,39.339315],[-76.663241,39.340154],[-76.658187,39.340157],[-76.657829,39.339069]]]}},{"type":"Feature","properties":{"i":659,"geoid":"245101513002"},"geometry":{"type":"Polygon","coordinates":[[[-76.665796,39.338758],[-76.66433,39.336795],[-76.662933,39.337417],[-76.662664,39.33451],[-76.66589,39.332968],[-76.666693,39.333960],[-76.673019,39.336977],[-76.667926,39.338921],[-76.665796,39.338758]]]}},{"type":"Feature","properties":{"i":660,"geoid":"245101513003"},"geometry":{"type":"Polygon","coordinates":[[[-76.668324,39.339392],[-76.667926,39.338921],[-76.673019,39.336977],[-76.676243,39.339098],[-76.677964,39.339925],[-76.677800,39.340145],[-76.670887,39.340150],[-76.668324,39.339392]]]}},{"type":"Feature","properties":{"i":661,"geoid":"245101513004"},"geometry":{"type":"Polygon","coordinates":[[[-76.665485,39.340153],[-76.663241,39.340154],[-76.662472,39.339315],[-76.661667,39.339079],[-76.660406,39.336701],[-76.656604,39.337846],[-76.656359,39.336504],[-76.659844,39.335652],[-76.662664,39.33451],[-76.662933,39.337417],[-76.66433,39.336795],[-76.665796,39.338758],[-76.667926,39.338921],[-76.665485,39.340153]]]}},{"type":"Feature","properties":{"i":662,"geoid":"245101601001"},"geometry":{"type":"Polygon","coordinates":[[[-76.634511,39.299197],[-76.633261,39.296885],[-76.631922,39.294458],[-76.635623,39.294302],[-76.635866,39.299149],[-76.634511,39.299197]]]}},{"type":"Feature","properties":{"i":663,"geoid":"245101601002"},"geometry":{"type":"Polygon","coordinates":[[[-76.635866,39.299149],[-76.635623,39.294302],[-76.638462,39.294188],[-76.638757,39.299062],[-76.635866,39.299149]]]}},{"type":"Feature","properties":{"i":664,"geoid":"245101601003"},"geometry":{"type":"Polygon","coordinates":[[[-76.636829,39.303420],[-76.634511,39.299197],[-76.638757,39.299062],[-76.638967,39.303378],[-76.636829,39.303420]]]}},{"type":"Feature","properties":{"i":665,"geoid":"245101602001"},"geometry":{"type":"Polygon","coordinates":[[[-76.638967,39.303378],[-76.638797,39.300137],[-76.640209,39.300080],[-76.640276,39.301141],[-76.643090,39.301108],[-76.643218,39.303211],[-76.638967,39.303378]]]}},{"type":"Feature","properties":{"i":666,"geoid":"245101602002"},"geometry":{"type":"Polygon","coordinates":[[[-76.640276,39.301141],[-76.639966,39.295405],[-76.642775,39.295312],[-76.643090,39.301108],[-76.640276,39.301141]]]}},{"type":"Feature","properties":{"i":667,"geoid":"245101602003"},"geometry":{"type":"Polygon","coordinates":[[[-76.639966,39.295405],[-76.640209,39.300080],[-76.638797,39.300137],[-76.638462,39.294188],[-76.642696,39.294009],[-76.642775,39.295312],[-76.639966,39.295405]]]}},{"type":"Feature","properties":{"i":668,"geoid":"245101603001"},"geometry":{"type":"Polygon","coordinates":[[[-76.646118,39.303112],[-76.643218,39.303211],[-76.642975,39.298894],[-76.645868,39.298802],[-76.646118,39.303112]]]}},{"type":"Feature","properties":{"i":669,"geoid":"245101603002"},"geometry":{"type":"Polygon","coordinates":[[[-76.642975,39.298894],[-76.642696,39.294009],[-76.64552,39.293895],[-76.645868,39.298802],[-76.642975,39.298894]]]}},{"type":"Feature","properties":{"i":670,"geoid":"245101604001"},"geometry":{"type":"Polygon","coordinates":[[[-76.645997,39.300961],[-76.645808,39.297629],[-76.64835,39.297572],[-76.64853,39.300921],[-76.645997,39.300961]]]}},{"type":"Feature","properties":{"i":671,"geoid":"245101604002"},"geometry":{"type":"Polygon","coordinates":[[[-76.648203,39.295135],[-76.64835,39.297572],[-76.645808,39.297629],[-76.64552,39.293895],[-76.650383,39.293698],[-76.650477,39.295072],[-76.648203,39.295135]]]}},{"type":"Feature","properties":{"i":672,"geoid":"245101604003"},"geometry":{"type":"Polygon","coordinates":[[[-76.650177,39.301069],[-76.647717,39.302304],[-76.647787,39.303061],[-76.646118,39.303112],[-76.645997,39.300961],[-76.64853,39.300921],[-76.648203,39.295135],[-76.650477,39.295072],[-76.650607,39.298663],[-76.651354,39.298638],[-76.650177,39.301069]]]}},{"type":"Feature","properties":{"i":673,"geoid":"245101605001"},"geometry":{"type":"Polygon","coordinates":[[[-76.659038,39.306251],[-76.657936,39.305371],[-76.653788,39.303908],[-76.651607,39.30335],[-76.64865,39.302917],[-76.647717,39.302304],[-76.650177,39.301069],[-76.651354,39.298638],[-76.655018,39.298479],[-76.655203,39.301675],[-76.658889,39.301444],[-76.660868,39.301542],[-76.660721,39.302624],[-76.660898,39.306144],[-76.659038,39.306251]]]}},{"type":"Feature","properties":{"i":674,"geoid":"245101605002"},"geometry":{"type":"Polygon","coordinates":[[[-76.655018,39.298479],[-76.650607,39.298663],[-76.650477,39.295072],[-76.654815,39.294777],[-76.655018,39.298479]]]}},{"type":"Feature","properties":{"i":675,"geoid":"245101605003"},"geometry":{"type":"Polygon","coordinates":[[[-76.659412,39.294633],[-76.650477,39.295072],[-76.650383,39.293698],[-76.659353,39.293352],[-76.659412,39.294633]]]}},{"type":"Feature","properties":{"i":676,"geoid":"245101605004"},"geometry":{"type":"Polygon","coordinates":[[[-76.657998,39.296881],[-76.654935,39.296991],[-76.654815,39.294777],[-76.659412,39.294633],[-76.659589,39.298339],[-76.657998,39.296881]]]}},{"type":"Feature","properties":{"i":677,"geoid":"245101605005"},"geometry":{"type":"Polygon","coordinates":[[[-76.660868,39.301542],[-76.658889,39.301444],[-76.655203,39.301675],[-76.654935,39.296991],[-76.657998,39.296881],[-76.659589,39.298339],[-76.660603,39.299796],[-76.660824,39.300451],[-76.660868,39.301542]]]}},{"type":"Feature","properties":{"i":678,"geoid":"245101606001"},"geometry":{"type":"Polygon","coordinates":[[[-76.667641,39.299409],[-76.665187,39.299209],[-76.662947,39.298701],[-76.662846,39.297243],[-76.668101,39.297051],[-76.668983,39.29929],[-76.667641,39.299409]]]}},{"type":"Feature","properties":{"i":679,"geoid":"245101606002"},"geometry":{"type":"Polygon","coordinates":[[[-76.660824,39.300451],[-76.660603,39.299796],[-76.659589,39.298339],[-76.659412,39.294633],[-76.661391,39.294553],[-76.661451,39.295575],[-76.66278,39.296312],[-76.662947,39.298701],[-76.665187,39.299209],[-76.665271,39.300283],[-76.660824,39.300451]]]}},{"type":"Feature","properties":{"i":680,"geoid":"245101606003"},"geometry":{"type":"Polygon","coordinates":[[[-76.661451,39.295575],[-76.661391,39.294553],[-76.659412,39.294633],[-76.659353,39.293352],[-76.663884,39.293319],[-76.664927,39.294451],[-76.664642,39.295465],[-76.661451,39.295575]]]}},{"type":"Feature","properties":{"i":681,"geoid":"245101606004"},"geometry":{"type":"Polygon","coordinates":[[[-76.662846,39.297243],[-76.66278,39.296312],[-76.661451,39.295575],[-76.664642,39.295465],[-76.664927,39.294451],[-76.666711,39.294411],[-76.666971,39.29708],[-76.662846,39.297243]]]}},{"type":"Feature","properties":{"i":682,"geoid":"245101606005"},"geometry":{"type":"Polygon","coordinates":[[[-76.668983,39.29929],[-76.668101,39.297051],[-76.666971,39.29708],[-76.666711,39.294411],[-76.669717,39.294276],[-76.669072,39.296149],[-76.668983,39.29929]]]}},{"type":"Feature","properties":{"i":683,"geoid":"245101607001"},"geometry":{"type":"Polygon","coordinates":[[[-76.665398,39.302443],[-76.660721,39.302624],[-76.660824,39.300451],[-76.665271,39.300283],[-76.665398,39.302443]]]}},{"type":"Feature","properties":{"i":684,"geoid":"245101607002"},"geometry":{"type":"Polygon","coordinates":[[[-76.665334,39.301357],[-76.665187,39.299209],[-76.667641,39.299409],[-76.668983,39.29929],[-76.667747,39.301877],[-76.665334,39.301357]]]}},{"type":"Feature","properties":{"i":685,"geoid":"245101607003"},"geometry":{"type":"Polygon","coordinates":[[[-76.673682,39.304242],[-76.670671,39.304406],[-76.670594,39.302779],[-76.668999,39.303387],[-76.663716,39.303605],[-76.663621,39.302492],[-76.665398,39.302443],[-76.665334,39.301357],[-76.667747,39.301877],[-76.668983,39.29929],[-76.669072,39.296149],[-76.669717,39.294276],[-76.670465,39.294256],[-76.670726,39.296353],[-76.67275,39.297609],[-76.67421,39.302373],[-76.673563,39.303264],[-76.673682,39.304242]]]}},{"type":"Feature","properties":{"i":686,"geoid":"245101607004"},"geometry":{"type":"Polygon","coordinates":[[[-76.667292,39.304537],[-76.667324,39.305903],[-76.660898,39.306144],[-76.660721,39.302624],[-76.663621,39.302492],[-76.663716,39.303605],[-76.668999,39.303387],[-76.670594,39.302779],[-76.670671,39.304406],[-76.667292,39.304537]]]}},{"type":"Feature","properties":{"i":687,"geoid":"245101607005"},"geometry":{"type":"Polygon","coordinates":[[[-76.672291,39.307204],[-76.668405,39.307116],[-76.667324,39.305903],[-76.667292,39.304537],[-76.673682,39.304242],[-76.674142,39.305682],[-76.674123,39.306267],[-76.672291,39.307204]]]}},{"type":"Feature","properties":{"i":688,"geoid":"245101608011"},"geometry":{"type":"Polygon","coordinates":[[[-76.685791,39.303004],[-76.681244,39.30045],[-76.681507,39.299389],[-76.686275,39.299217],[-76.686292,39.300184],[-76.687501,39.301894],[-76.687483,39.302416],[-76.685791,39.303004]]]}},{"type":"Feature","properties":{"i":689,"geoid":"245101608012"},"geometry":{"type":"Polygon","coordinates":[[[-76.681507,39.299389],[-76.681429,39.297906],[-76.686193,39.297742],[-76.686275,39.299217],[-76.681507,39.299389]]]}},{"type":"Feature","properties":{"i":690,"geoid":"245101608013"},"geometry":{"type":"Polygon","coordinates":[[[-76.681429,39.297906],[-76.681341,39.296407],[-76.686101,39.296249],[-76.686193,39.297742],[-76.681429,39.297906]]]}},{"type":"Feature","properties":{"i":691,"geoid":"245101608014"},"geometry":{"type":"Polygon","coordinates":[[[-76.681341,39.296407],[-76.681211,39.293884],[-76.685995,39.293711],[-76.686101,39.296249],[-76.681341,39.296407]]]}},{"type":"Feature","properties":{"i":692,"geoid":"245101608021"},"geometry":{"type":"Polygon","coordinates":[[[-76.677454,39.29658],[-76.676014,39.297667],[-76.675421,39.297776],[-76.674294,39.297440],[-76.672917,39.296545],[-76.672857,39.295428],[-76.678487,39.295226],[-76.678525,39.296026],[-76.677454,39.29658]]]}},{"type":"Feature","properties":{"i":693,"geoid":"245101608022"},"geometry":{"type":"Polygon","coordinates":[[[-76.679743,39.295570],[-76.678525,39.296026],[-76.678487,39.295226],[-76.672857,39.295428],[-76.67278,39.294174],[-76.681211,39.293884],[-76.681303,39.295668],[-76.679743,39.295570]]]}},{"type":"Feature","properties":{"i":694,"geoid":"245101608023"},"geometry":{"type":"Polygon","coordinates":[[[-76.689582,39.305099],[-76.687081,39.304874],[-76.686431,39.305348],[-76.681403,39.306571],[-76.678912,39.304989],[-76.675441,39.303516],[-76.67421,39.302373],[-76.67275,39.297609],[-76.670726,39.296353],[-76.670465,39.294256],[-76.67278,39.294174],[-76.672917,39.296545],[-76.674294,39.297440],[-76.675421,39.297776],[-76.676014,39.297667],[-76.677454,39.29658],[-76.679743,39.295570],[-76.681303,39.295668],[-76.681507,39.299389],[-76.681244,39.30045],[-76.685791,39.303004],[-76.687483,39.302416],[-76.687501,39.301894],[-76.686292,39.300184],[-76.686275,39.299217],[-76.688139,39.299172],[-76.690092,39.302306],[-76.689482,39.304434],[-76.689582,39.305099]]]}},{"type":"Feature","properties":{"i":695,"geoid":"245101701001"},"geometry":{"type":"Polygon","coordinates":[[[-76.624049,39.298356],[-76.620269,39.301756],[-76.619819,39.294930],[-76.622638,39.294811],[-76.622718,39.297410],[-76.624049,39.298356]]]}},{"type":"Feature","properties":{"i":696,"geoid":"245101701002"},"geometry":{"type":"Polygon","coordinates":[[[-76.627291,39.295635],[-76.624049,39.298356],[-76.622718,39.297410],[-76.622638,39.294811],[-76.627688,39.29463],[-76.627291,39.295635]]]}},{"type":"Feature","properties":{"i":697,"geoid":"245101702001"},"geometry":{"type":"Polygon","coordinates":[[[-76.625118,39.303182],[-76.621822,39.300465],[-76.624049,39.298356],[-76.626159,39.296652],[-76.629665,39.299517],[-76.625118,39.303182]]]}},{"type":"Feature","properties":{"i":698,"geoid":"245101702002"},"geometry":{"type":"Polygon","coordinates":[[[-76.631732,39.301181],[-76.626905,39.304783],[-76.625118,39.303182],[-76.629665,39.299517],[-76.631732,39.301181]]]}},{"type":"Feature","properties":{"i":699,"geoid":"245101702003"},"geometry":{"type":"Polygon","coordinates":[[[-76.620723,39.304351],[-76.620269,39.301756],[-76.621822,39.300465],[-76.625118,39.303182],[-76.624132,39.303841],[-76.620723,39.304351]]]}},{"type":"Feature","properties":{"i":700,"geoid":"245101703001"},"geometry":{"type":"Polygon","coordinates":[[[-76.631732,39.301181],[-76.628616,39.298666],[-76.630019,39.296246],[-76.633261,39.296885],[-76.634475,39.299142],[-76.631732,39.301181]]]}},{"type":"Feature","properties":{"i":701,"geoid":"245101703002"},"geometry":{"type":"Polygon","coordinates":[[[-76.630019,39.296246],[-76.628616,39.298666],[-76.626159,39.296652],[-76.627291,39.295635],[-76.627688,39.29463],[-76.631922,39.294458],[-76.633261,39.296885],[-76.630019,39.296246]]]}},{"type":"Feature","properties":{"i":702,"geoid":"245101803001"},"geometry":{"type":"Polygon","coordinates":[[[-76.638166,39.288566],[-76.627766,39.288974],[-76.628062,39.287786],[-76.628021,39.287164],[-76.633687,39.286756],[-76.633736,39.287773],[-76.638101,39.287556],[-76.638166,39.288566]]]}},{"type":"Feature","properties":{"i":703,"geoid":"245101803002"},"geometry":{"type":"Polygon","coordinates":[[[-76.633736,39.287773],[-76.633687,39.286756],[-76.628021,39.287164],[-76.627539,39.286056],[-76.637984,39.285587],[-76.638101,39.287556],[-76.633736,39.287773]]]}},{"type":"Feature","properties":{"i":704,"geoid":"245101901001"},"geometry":{"type":"Polygon","coordinates":[[[-76.638365,39.292294],[-76.638166,39.288566],[-76.640997,39.288439],[-76.641055,39.289658],[-76.642617,39.292128],[-76.638365,39.292294]]]}},{"type":"Feature","properties":{"i":705,"geoid":"245101901002"},"geometry":{"type":"Polygon","coordinates":[[[-76.64552,39.293895],[-76.638462,39.294188],[-76.638365,39.292294],[-76.642617,39.292128],[-76.641055,39.289658],[-76.640997,39.288439],[-76.645222,39.288228],[-76.64552,39.293895]]]}},{"type":"Feature","properties":{"i":706,"geoid":"245101902001"},"geometry":{"type":"Polygon","coordinates":[[[-76.642413,39.288373],[-76.638166,39.288566],[-76.637984,39.285587],[-76.642197,39.285388],[-76.642413,39.288373]]]}},{"type":"Feature","properties":{"i":707,"geoid":"245101902002"},"geometry":{"type":"Polygon","coordinates":[[[-76.637984,39.285587],[-76.637843,39.282788],[-76.638979,39.282402],[-76.641861,39.280991],[-76.642197,39.285388],[-76.637984,39.285587]]]}},{"type":"Feature","properties":{"i":708,"geoid":"245101903001"},"geometry":{"type":"Polygon","coordinates":[[[-76.642168,39.284421],[-76.641861,39.280991],[-76.646426,39.279489],[-76.646719,39.284241],[-76.642168,39.284421]]]}},{"type":"Feature","properties":{"i":709,"geoid":"245101903002"},"geometry":{"type":"Polygon","coordinates":[[[-76.646959,39.288148],[-76.642413,39.288373],[-76.642168,39.284421],[-76.646719,39.284241],[-76.646959,39.288148]]]}},{"type":"Feature","properties":{"i":710,"geoid":"245102001001"},"geometry":{"type":"Polygon","coordinates":[[[-76.64552,39.293895],[-76.645448,39.292063],[-76.647167,39.291998],[-76.64706,39.290062],[-76.650218,39.289924],[-76.650383,39.293698],[-76.64552,39.293895]]]}},{"type":"Feature","properties":{"i":711,"geoid":"245102001002"},"geometry":{"type":"Polygon","coordinates":[[[-76.64706,39.290062],[-76.647167,39.291998],[-76.645448,39.292063],[-76.645222,39.288228],[-76.650095,39.288028],[-76.650218,39.289924],[-76.64706,39.290062]]]}},{"type":"Feature","properties":{"i":712,"geoid":"245102002001"},"geometry":{"type":"Polygon","coordinates":[[[-76.655757,39.290277],[-76.653013,39.2904],[-76.652869,39.287911],[-76.658829,39.287665],[-76.659648,39.288818],[-76.655757,39.290277]]]}},{"type":"Feature","properties":{"i":713,"geoid":"245102002002"},"geometry":{"type":"Polygon","coordinates":[[[-76.669717,39.294276],[-76.664927,39.294451],[-76.663884,39.293319],[-76.656274,39.293439],[-76.656071,39.290979],[-76.655757,39.290277],[-76.659648,39.288818],[-76.658829,39.287665],[-76.662924,39.287424],[-76.665419,39.289048],[-76.66653,39.291022],[-76.669642,39.293528],[-76.669717,39.294276]]]}},{"type":"Feature","properties":{"i":714,"geoid":"245102002003"},"geometry":{"type":"Polygon","coordinates":[[[-76.650383,39.293698],[-76.650095,39.288028],[-76.652869,39.287911],[-76.653013,39.2904],[-76.655757,39.290277],[-76.656071,39.290979],[-76.656274,39.293439],[-76.650383,39.293698]]]}},{"type":"Feature","properties":{"i":715,"geoid":"245102003001"},"geometry":{"type":"Polygon","coordinates":[[[-76.646959,39.288148],[-76.646719,39.284241],[-76.649878,39.284163],[-76.650095,39.288028],[-76.646959,39.288148]]]}},{"type":"Feature","properties":{"i":716,"geoid":"245102003002"},"geometry":{"type":"Polygon","coordinates":[[[-76.646719,39.284241],[-76.646426,39.279489],[-76.647977,39.279075],[-76.649772,39.282387],[-76.649878,39.284163],[-76.646719,39.284241]]]}},{"type":"Feature","properties":{"i":717,"geoid":"245102004001"},"geometry":{"type":"Polygon","coordinates":[[[-76.656222,39.287813],[-76.650095,39.288028],[-76.649969,39.285779],[-76.654538,39.284213],[-76.655928,39.283404],[-76.656222,39.287813]]]}},{"type":"Feature","properties":{"i":718,"geoid":"245102004002"},"geometry":{"type":"Polygon","coordinates":[[[-76.662924,39.287424],[-76.656222,39.287813],[-76.655928,39.283404],[-76.659026,39.281384],[-76.65986,39.282321],[-76.659259,39.285762],[-76.659436,39.2862],[-76.662924,39.287424]]]}},{"type":"Feature","properties":{"i":719,"geoid":"245102005001"},"geometry":{"type":"Polygon","coordinates":[[[-76.649772,39.282387],[-76.648776,39.280557],[-76.651491,39.279654],[-76.65252,39.281473],[-76.649772,39.282387]]]}},{"type":"Feature","properties":{"i":720,"geoid":"245102005002"},"geometry":{"type":"Polygon","coordinates":[[[-76.65602,39.278984],[-76.656498,39.280191],[-76.65252,39.281473],[-76.651491,39.279654],[-76.648776,39.280557],[-76.647977,39.279075],[-76.653548,39.277068],[-76.654919,39.275524],[-76.65664,39.276255],[-76.657608,39.276041],[-76.658684,39.278057],[-76.65602,39.278984]]]}},{"type":"Feature","properties":{"i":721,"geoid":"245102005003"},"geometry":{"type":"Polygon","coordinates":[[[-76.657872,39.282141],[-76.65696,39.281243],[-76.65602,39.278984],[-76.658684,39.278057],[-76.660175,39.280657],[-76.657872,39.282141]]]}},{"type":"Feature","properties":{"i":722,"geoid":"245102005004"},"geometry":{"type":"Polygon","coordinates":[[[-76.657872,39.282141],[-76.654538,39.284213],[-76.649969,39.285779],[-76.649772,39.282387],[-76.656498,39.280191],[-76.65696,39.281243],[-76.657872,39.282141]]]}},{"type":"Feature","properties":{"i":723,"geoid":"245102006001"},"geometry":{"type":"Polygon","coordinates":[[[-76.67278,39.294174],[-76.669717,39.294276],[-76.669642,39.293528],[-76.66653,39.291022],[-76.665419,39.289048],[-76.662924,39.287424],[-76.659436,39.2862],[-76.659259,39.285762],[-76.65986,39.282321],[-76.659026,39.281384],[-76.660175,39.280657],[-76.657608,39.276041],[-76.659408,39.274653],[-76.662291,39.27624],[-76.66303,39.277561],[-76.664508,39.27701],[-76.668276,39.277600],[-76.668264,39.285203],[-76.669905,39.28825],[-76.672341,39.286403],[-76.67278,39.294174]]]}},{"type":"Feature","properties":{"i":724,"geoid":"245102006002"},"geometry":{"type":"Polygon","coordinates":[[[-76.668758,39.284934],[-76.668264,39.285203],[-76.668276,39.277600],[-76.664508,39.27701],[-76.66303,39.277561],[-76.662291,39.27624],[-76.665061,39.275042],[-76.667082,39.276147],[-76.669418,39.275521],[-76.671563,39.275933],[-76.671651,39.27967],[-76.67222,39.280751],[-76.672275,39.28486],[-76.668758,39.284934]]]}},{"type":"Feature","properties":{"i":725,"geoid":"245102006003"},"geometry":{"type":"Polygon","coordinates":[[[-76.669905,39.28825],[-76.668264,39.285203],[-76.668758,39.284934],[-76.672275,39.28486],[-76.672341,39.286403],[-76.669905,39.28825]]]}},{"type":"Feature","properties":{"i":726,"geoid":"245102007011"},"geometry":{"type":"Polygon","coordinates":[[[-76.67278,39.294174],[-76.672573,39.2906],[-76.673865,39.289966],[-76.675258,39.291018],[-76.675574,39.294097],[-76.67278,39.294174]]]}},{"type":"Feature","properties":{"i":727,"geoid":"245102007012"},"geometry":{"type":"Polygon","coordinates":[[[-76.672573,39.2906],[-76.672316,39.285832],[-76.672982,39.285805],[-76.676279,39.288106],[-76.673865,39.289966],[-76.672573,39.2906]]]}},{"type":"Feature","properties":{"i":728,"geoid":"245102007013"},"geometry":{"type":"Polygon","coordinates":[[[-76.675441,39.291881],[-76.675258,39.291018],[-76.673865,39.289966],[-76.676279,39.288106],[-76.678104,39.289278],[-76.678276,39.291780],[-76.675441,39.291881]]]}},{"type":"Feature","properties":{"i":729,"geoid":"245102007014"},"geometry":{"type":"Polygon","coordinates":[[[-76.689425,39.293581],[-76.680657,39.293903],[-76.680511,39.291695],[-76.678276,39.291780],[-76.678104,39.289278],[-76.676368,39.288165],[-76.680813,39.284148],[-76.681447,39.284241],[-76.686776,39.287228],[-76.688925,39.288203],[-76.689425,39.293581]]]}},{"type":"Feature","properties":{"i":730,"geoid":"245102007015"},"geometry":{"type":"Polygon","coordinates":[[[-76.675574,39.294097],[-76.675441,39.291881],[-76.680511,39.291695],[-76.680657,39.293903],[-76.675574,39.294097]]]}},{"type":"Feature","properties":{"i":731,"geoid":"245102007021"},"geometry":{"type":"Polygon","coordinates":[[[-76.676368,39.288165],[-76.672982,39.285805],[-76.672316,39.285832],[-76.672167,39.281086],[-76.676208,39.283123],[-76.680813,39.284148],[-76.676368,39.288165]]]}},{"type":"Feature","properties":{"i":732,"geoid":"245102008001"},"geometry":{"type":"Polygon","coordinates":[[[-76.678536,39.281879],[-76.672216,39.280937],[-76.671651,39.27967],[-76.671563,39.275933],[-76.675482,39.274183],[-76.676677,39.274385],[-76.679977,39.277160],[-76.681673,39.276998],[-76.683581,39.276568],[-76.685903,39.27822],[-76.68561,39.281679],[-76.678536,39.281879]]]}},{"type":"Feature","properties":{"i":733,"geoid":"245102008002"},"geometry":{"type":"Polygon","coordinates":[[[-76.681447,39.284241],[-76.676208,39.283123],[-76.672167,39.281086],[-76.672216,39.280937],[-76.678536,39.281879],[-76.686706,39.281656],[-76.686776,39.287228],[-76.681447,39.284241]]]}},{"type":"Feature","properties":{"i":734,"geoid":"245102101001"},"geometry":{"type":"Polygon","coordinates":[[[-76.630343,39.281256],[-76.629553,39.280676],[-76.627238,39.280778],[-76.623723,39.279773],[-76.623186,39.281237],[-76.61979,39.280205],[-76.618999,39.279051],[-76.620945,39.274549],[-76.623596,39.269331],[-76.625855,39.268189],[-76.626561,39.268200],[-76.633472,39.269545],[-76.628731,39.273467],[-76.634597,39.277969],[-76.630343,39.281256]]]}},{"type":"Feature","properties":{"i":735,"geoid":"245102101002"},"geometry":{"type":"Polygon","coordinates":[[[-76.628883,39.283794],[-76.629019,39.286009],[-76.627539,39.286056],[-76.625384,39.282234],[-76.623186,39.281237],[-76.623723,39.279773],[-76.627238,39.280778],[-76.629553,39.280676],[-76.633493,39.283618],[-76.628883,39.283794]]]}},{"type":"Feature","properties":{"i":736,"geoid":"245102102001"},"geometry":{"type":"Polygon","coordinates":[[[-76.654919,39.275524],[-76.653548,39.277068],[-76.647977,39.279075],[-76.641861,39.280991],[-76.638979,39.282402],[-76.637843,39.282788],[-76.637328,39.282143],[-76.638645,39.281042],[-76.636736,39.279595],[-76.632531,39.282893],[-76.630343,39.281256],[-76.634597,39.277969],[-76.628731,39.273467],[-76.633472,39.269545],[-76.639054,39.270420],[-76.64737,39.271163],[-76.653264,39.271538],[-76.654996,39.271191],[-76.655243,39.274924],[-76.654919,39.275524]]]}},{"type":"Feature","properties":{"i":737,"geoid":"245102102002"},"geometry":{"type":"Polygon","coordinates":[[[-76.637843,39.282788],[-76.637984,39.285587],[-76.629019,39.286009],[-76.628883,39.283794],[-76.633493,39.283618],[-76.632531,39.282893],[-76.636736,39.279595],[-76.638645,39.281042],[-76.637328,39.282143],[-76.637843,39.282788]]]}},{"type":"Feature","properties":{"i":738,"geoid":"245102201001"},"geometry":{"type":"Polygon","coordinates":[[[-76.627539,39.286056],[-76.620755,39.286261],[-76.620355,39.281024],[-76.61979,39.280205],[-76.623186,39.281237],[-76.625384,39.282234],[-76.627539,39.286056]]]}},{"type":"Feature","properties":{"i":739,"geoid":"245102201002"},"geometry":{"type":"Polygon","coordinates":[[[-76.620755,39.286261],[-76.612128,39.286602],[-76.612908,39.28566],[-76.612713,39.280556],[-76.617359,39.280333],[-76.618254,39.279381],[-76.618999,39.279051],[-76.620355,39.281024],[-76.620755,39.286261]]]}},{"type":"Feature","properties":{"i":740,"geoid":"245102201003"},"geometry":{"type":"Polygon","coordinates":[[[-76.612128,39.286602],[-76.605001,39.286855],[-76.603688,39.280905],[-76.602788,39.279806],[-76.604293,39.279303],[-76.606433,39.279228],[-76.606863,39.280743],[-76.612713,39.280556],[-76.612908,39.28566],[-76.612128,39.286602]]]}},{"type":"Feature","properties":{"i":741,"geoid":"245102201004"},"geometry":{"type":"Polygon","coordinates":[[[-76.617359,39.280333],[-76.606863,39.280743],[-76.606433,39.279228],[-76.609234,39.278994],[-76.616446,39.278919],[-76.618254,39.279381],[-76.617359,39.280333]]]}},{"type":"Feature","properties":{"i":742,"geoid":"245102301001"},"geometry":{"type":"Polygon","coordinates":[[[-76.617067,39.275392],[-76.614295,39.275772],[-76.614111,39.272616],[-76.618636,39.272458],[-76.618719,39.273909],[-76.620945,39.274549],[-76.62013,39.276445],[-76.617067,39.275392]]]}},{"type":"Feature","properties":{"i":743,"geoid":"245102301002"},"geometry":{"type":"Polygon","coordinates":[[[-76.618999,39.279051],[-76.618254,39.279381],[-76.616446,39.278919],[-76.614525,39.278985],[-76.614295,39.275772],[-76.617067,39.275392],[-76.62013,39.276445],[-76.618999,39.279051]]]}},{"type":"Feature","properties":{"i":744,"geoid":"245102302001"},"geometry":{"type":"Polygon","coordinates":[[[-76.612623,39.278890],[-76.611843,39.273256],[-76.613254,39.273143],[-76.614159,39.273657],[-76.614525,39.278985],[-76.612623,39.278890]]]}},{"type":"Feature","properties":{"i":745,"geoid":"245102302002"},"geometry":{"type":"Polygon","coordinates":[[[-76.614111,39.272616],[-76.614159,39.273657],[-76.613254,39.273143],[-76.611843,39.273256],[-76.611504,39.271141],[-76.611579,39.270613],[-76.615953,39.270453],[-76.616111,39.272553],[-76.614111,39.272616]]]}},{"type":"Feature","properties":{"i":746,"geoid":"245102303001"},"geometry":{"type":"Polygon","coordinates":[[[-76.623596,39.269331],[-76.620945,39.274549],[-76.618719,39.273909],[-76.618636,39.272458],[-76.616773,39.272537],[-76.616399,39.269452],[-76.614831,39.266912],[-76.605578,39.267235],[-76.606813,39.263864],[-76.610626,39.262249],[-76.610133,39.256846],[-76.610488,39.254706],[-76.623289,39.260106],[-76.623793,39.265075],[-76.627059,39.265185],[-76.625855,39.268189],[-76.623596,39.269331]]]}},{"type":"Feature","properties":{"i":747,"geoid":"245102303002"},"geometry":{"type":"Polygon","coordinates":[[[-76.616111,39.272553],[-76.615953,39.270453],[-76.611579,39.270613],[-76.611922,39.268515],[-76.611855,39.266951],[-76.614831,39.266912],[-76.616399,39.269452],[-76.616773,39.272537],[-76.616111,39.272553]]]}},{"type":"Feature","properties":{"i":748,"geoid":"245102401001"},"geometry":{"type":"Polygon","coordinates":[[[-76.599699,39.271092],[-76.598908,39.2708],[-76.595079,39.277199],[-76.589884,39.278004],[-76.586588,39.277305],[-76.577586,39.271606],[-76.575486,39.267104],[-76.575218,39.265652],[-76.581043,39.265381],[-76.583194,39.266118],[-76.590494,39.267833],[-76.589321,39.271103],[-76.590906,39.272542],[-76.593058,39.268775],[-76.595051,39.269455],[-76.596918,39.266182],[-76.600833,39.266822],[-76.600901,39.269014],[-76.599699,39.271092]]]}},{"type":"Feature","properties":{"i":749,"geoid":"245102401002"},"geometry":{"type":"Polygon","coordinates":[[[-76.596918,39.266182],[-76.595051,39.269455],[-76.593058,39.268775],[-76.590906,39.272542],[-76.589321,39.271103],[-76.590494,39.267833],[-76.583194,39.266118],[-76.581043,39.265381],[-76.575218,39.265652],[-76.575030,39.264642],[-76.577453,39.264556],[-76.579474,39.261521],[-76.583039,39.261245],[-76.586485,39.261337],[-76.584887,39.255371],[-76.589488,39.254806],[-76.598588,39.254805],[-76.592715,39.265272],[-76.596918,39.266182]]]}},{"type":"Feature","properties":{"i":750,"geoid":"245102402001"},"geometry":{"type":"Polygon","coordinates":[[[-76.609234,39.278994],[-76.604293,39.279303],[-76.602788,39.279806],[-76.602588,39.279505],[-76.598977,39.276915],[-76.595079,39.277199],[-76.598908,39.2708],[-76.605158,39.272981],[-76.606368,39.277652],[-76.609034,39.277375],[-76.609234,39.278994]]]}},{"type":"Feature","properties":{"i":751,"geoid":"245102402002"},"geometry":{"type":"Polygon","coordinates":[[[-76.606368,39.277652],[-76.605158,39.272981],[-76.608388,39.272850],[-76.609034,39.277375],[-76.606368,39.277652]]]}},{"type":"Feature","properties":{"i":752,"geoid":"245102403001"},"geometry":{"type":"Polygon","coordinates":[[[-76.609234,39.278994],[-76.608891,39.276343],[-76.612227,39.276019],[-76.612623,39.278890],[-76.609234,39.278994]]]}},{"type":"Feature","properties":{"i":753,"geoid":"245102403002"},"geometry":{"type":"Polygon","coordinates":[[[-76.608891,39.276343],[-76.608592,39.274266],[-76.610239,39.274124],[-76.612049,39.2747],[-76.612227,39.276019],[-76.608891,39.276343]]]}},{"type":"Feature","properties":{"i":754,"geoid":"245102403003"},"geometry":{"type":"Polygon","coordinates":[[[-76.610239,39.274124],[-76.608592,39.274266],[-76.608388,39.272850],[-76.611754,39.272700],[-76.612049,39.2747],[-76.610239,39.274124]]]}},{"type":"Feature","properties":{"i":755,"geoid":"245102404001"},"geometry":{"type":"Polygon","coordinates":[[[-76.611504,39.271141],[-76.611754,39.272700],[-76.606712,39.272907],[-76.60642,39.268708],[-76.611922,39.268515],[-76.611504,39.271141]]]}},{"type":"Feature","properties":{"i":756,"geoid":"245102404002"},"geometry":{"type":"Polygon","coordinates":[[[-76.606813,39.263864],[-76.605578,39.267235],[-76.603387,39.267145],[-76.600833,39.266822],[-76.596918,39.266182],[-76.592715,39.265272],[-76.598588,39.254805],[-76.610488,39.254706],[-76.610133,39.256846],[-76.610626,39.262249],[-76.606813,39.263864]]]}},{"type":"Feature","properties":{"i":757,"geoid":"245102404003"},"geometry":{"type":"Polygon","coordinates":[[[-76.60642,39.268708],[-76.606712,39.272907],[-76.605158,39.272981],[-76.599699,39.271092],[-76.600901,39.269014],[-76.600833,39.266822],[-76.603387,39.267145],[-76.605578,39.267235],[-76.611855,39.266951],[-76.611922,39.268515],[-76.60642,39.268708]]]}},{"type":"Feature","properties":{"i":758,"geoid":"245102501011"},"geometry":{"type":"Polygon","coordinates":[[[-76.699012,39.281273],[-76.693682,39.281442],[-76.694546,39.280062],[-76.694633,39.279374],[-76.695724,39.277939],[-76.694154,39.275293],[-76.694812,39.274759],[-76.69677,39.276191],[-76.700075,39.277522],[-76.699012,39.281273]]]}},{"type":"Feature","properties":{"i":759,"geoid":"245102501012"},"geometry":{"type":"Polygon","coordinates":[[[-76.705495,39.280812],[-76.70264,39.280857],[-76.699012,39.281273],[-76.700075,39.277522],[-76.69677,39.276191],[-76.694812,39.274759],[-76.694154,39.275293],[-76.69268,39.271824],[-76.695371,39.27191],[-76.698892,39.272705],[-76.711054,39.277889],[-76.706764,39.279696],[-76.705495,39.280812]]]}},{"type":"Feature","properties":{"i":760,"geoid":"245102501021"},"geometry":{"type":"Polygon","coordinates":[[[-76.693682,39.281442],[-76.68561,39.281679],[-76.685903,39.27822],[-76.683581,39.276568],[-76.688192,39.274504],[-76.689454,39.272115],[-76.69268,39.271824],[-76.692922,39.272495],[-76.690305,39.273406],[-76.686262,39.277601],[-76.690786,39.277498],[-76.694633,39.279374],[-76.694546,39.280062],[-76.693682,39.281442]]]}},{"type":"Feature","properties":{"i":761,"geoid":"245102501022"},"geometry":{"type":"Polygon","coordinates":[[[-76.690786,39.277498],[-76.686262,39.277601],[-76.690305,39.273406],[-76.692922,39.272495],[-76.694154,39.275293],[-76.695724,39.277939],[-76.694633,39.279374],[-76.690786,39.277498]]]}},{"type":"Feature","properties":{"i":762,"geoid":"245102501031"},"geometry":{"type":"Polygon","coordinates":[[[-76.676677,39.274385],[-76.675482,39.274183],[-76.671563,39.275933],[-76.671489,39.273886],[-76.668788,39.269429],[-76.673804,39.265435],[-76.676152,39.267458],[-76.675103,39.268236],[-76.676978,39.27201],[-76.679054,39.271402],[-76.676677,39.274385]]]}},{"type":"Feature","properties":{"i":763,"geoid":"245102501032"},"geometry":{"type":"Polygon","coordinates":[[[-76.673804,39.265435],[-76.668788,39.269429],[-76.667055,39.265971],[-76.664882,39.260554],[-76.664247,39.25851],[-76.664322,39.257442],[-76.673432,39.261280],[-76.680025,39.264413],[-76.676152,39.267458],[-76.673804,39.265435]]]}},{"type":"Feature","properties":{"i":764,"geoid":"245102501033"},"geometry":{"type":"Polygon","coordinates":[[[-76.681717,39.270313],[-76.679054,39.271402],[-76.676978,39.27201],[-76.675103,39.268236],[-76.680025,39.264413],[-76.683541,39.265862],[-76.684649,39.266457],[-76.681717,39.270313]]]}},{"type":"Feature","properties":{"i":765,"geoid":"245102501034"},"geometry":{"type":"Polygon","coordinates":[[[-76.695371,39.27191],[-76.69268,39.271824],[-76.689454,39.272115],[-76.688192,39.274504],[-76.683581,39.276568],[-76.681673,39.276998],[-76.679977,39.277160],[-76.676677,39.274385],[-76.679054,39.271402],[-76.681717,39.270313],[-76.684649,39.266457],[-76.686048,39.266884],[-76.697379,39.272195],[-76.698892,39.272705],[-76.695371,39.27191]]]}},{"type":"Feature","properties":{"i":766,"geoid":"245102502031"},"geometry":{"type":"Polygon","coordinates":[[[-76.619496,39.244593],[-76.617707,39.247816],[-76.620881,39.250895],[-76.617421,39.252484],[-76.617912,39.253894],[-76.616437,39.257216],[-76.610488,39.254706],[-76.608288,39.254706],[-76.609089,39.249905],[-76.612489,39.246606],[-76.614642,39.241092],[-76.621721,39.241701],[-76.619496,39.244593]]]}},{"type":"Feature","properties":{"i":767,"geoid":"245102502032"},"geometry":{"type":"Polygon","coordinates":[[[-76.620881,39.250895],[-76.617707,39.247816],[-76.618824,39.245749],[-76.623001,39.248131],[-76.625398,39.249081],[-76.624957,39.249132],[-76.620881,39.250895]]]}},{"type":"Feature","properties":{"i":768,"geoid":"245102502041"},"geometry":{"type":"Polygon","coordinates":[[[-76.624912,39.244124],[-76.626899,39.245456],[-76.623857,39.248517],[-76.618824,39.245749],[-76.619496,39.244593],[-76.621721,39.241701],[-76.625756,39.242103],[-76.627985,39.242996],[-76.624912,39.244124]]]}},{"type":"Feature","properties":{"i":769,"geoid":"245102502042"},"geometry":{"type":"Polygon","coordinates":[[[-76.633708,39.258598],[-76.632768,39.257731],[-76.634311,39.25511],[-76.632601,39.251544],[-76.628077,39.250031],[-76.627427,39.251579],[-76.6261,39.251736],[-76.625398,39.249081],[-76.623857,39.248517],[-76.626899,39.245456],[-76.624912,39.244124],[-76.627985,39.242996],[-76.62867,39.243473],[-76.634109,39.249844],[-76.635045,39.251641],[-76.634553,39.255971],[-76.633708,39.258598]]]}},{"type":"Feature","properties":{"i":770,"geoid":"245102502051"},"geometry":{"type":"Polygon","coordinates":[[[-76.642798,39.250490],[-76.641941,39.253846],[-76.641909,39.256451],[-76.644292,39.258069],[-76.643351,39.259374],[-76.64066,39.257567],[-76.62867,39.243473],[-76.627985,39.242996],[-76.625756,39.242103],[-76.614642,39.241092],[-76.615641,39.239921],[-76.618612,39.237398],[-76.619039,39.237727],[-76.632589,39.243406],[-76.644212,39.248923],[-76.647256,39.250059],[-76.646871,39.251612],[-76.642798,39.250490]]]}},{"type":"Feature","properties":{"i":771,"geoid":"245102502052"},"geometry":{"type":"Polygon","coordinates":[[[-76.64647,39.25488],[-76.641941,39.253846],[-76.642798,39.250490],[-76.646871,39.251612],[-76.64647,39.25488]]]}},{"type":"Feature","properties":{"i":772,"geoid":"245102502053"},"geometry":{"type":"Polygon","coordinates":[[[-76.644292,39.258069],[-76.641909,39.256451],[-76.641941,39.253846],[-76.64647,39.25488],[-76.645842,39.256046],[-76.644292,39.258069]]]}},{"type":"Feature","properties":{"i":773,"geoid":"245102502054"},"geometry":{"type":"Polygon","coordinates":[[[-76.65251,39.258401],[-76.649834,39.260314],[-76.64536,39.260014],[-76.643351,39.259374],[-76.645842,39.256046],[-76.64647,39.25488],[-76.646623,39.253062],[-76.654299,39.255283],[-76.655764,39.255886],[-76.655569,39.253701],[-76.65986,39.255509],[-76.657559,39.256784],[-76.65251,39.258401]]]}},{"type":"Feature","properties":{"i":774,"geoid":"245102502055"},"geometry":{"type":"Polygon","coordinates":[[[-76.654299,39.255283],[-76.646623,39.253062],[-76.647256,39.250059],[-76.655569,39.253701],[-76.655764,39.255886],[-76.654299,39.255283]]]}},{"type":"Feature","properties":{"i":775,"geoid":"245102502061"},"geometry":{"type":"Polygon","coordinates":[[[-76.669418,39.275521],[-76.667082,39.276147],[-76.665061,39.275042],[-76.662291,39.27624],[-76.659408,39.274653],[-76.657608,39.276041],[-76.65664,39.276255],[-76.654919,39.275524],[-76.655243,39.274924],[-76.654996,39.271191],[-76.654239,39.266994],[-76.653422,39.265822],[-76.653407,39.264091],[-76.654765,39.264616],[-76.660346,39.268894],[-76.667055,39.265971],[-76.668788,39.269429],[-76.671489,39.273886],[-76.671563,39.275933],[-76.669418,39.275521]]]}},{"type":"Feature","properties":{"i":776,"geoid":"245102502062"},"geometry":{"type":"Polygon","coordinates":[[[-76.662022,39.263694],[-76.658381,39.261417],[-76.654765,39.264616],[-76.653407,39.264091],[-76.653422,39.265822],[-76.652073,39.264641],[-76.651693,39.263463],[-76.651677,39.260969],[-76.649834,39.260314],[-76.65251,39.258401],[-76.657559,39.256784],[-76.65986,39.255509],[-76.664322,39.257442],[-76.664247,39.25851],[-76.664882,39.260554],[-76.662022,39.263694]]]}},{"type":"Feature","properties":{"i":777,"geoid":"245102502063"},"geometry":{"type":"Polygon","coordinates":[[[-76.660346,39.268894],[-76.654765,39.264616],[-76.658381,39.261417],[-76.662022,39.263694],[-76.664882,39.260554],[-76.667055,39.265971],[-76.660346,39.268894]]]}},{"type":"Feature","properties":{"i":778,"geoid":"245102502071"},"geometry":{"type":"Polygon","coordinates":[[[-76.624689,39.260605],[-76.616437,39.257216],[-76.617912,39.253894],[-76.617421,39.252484],[-76.618436,39.251946],[-76.619562,39.253458],[-76.623422,39.253175],[-76.625938,39.253543],[-76.627427,39.251579],[-76.628077,39.250031],[-76.632601,39.251544],[-76.634311,39.25511],[-76.632768,39.257731],[-76.624689,39.260605]]]}},{"type":"Feature","properties":{"i":779,"geoid":"245102502072"},"geometry":{"type":"Polygon","coordinates":[[[-76.625938,39.253543],[-76.623422,39.253175],[-76.619562,39.253458],[-76.618436,39.251946],[-76.624957,39.249132],[-76.625398,39.249081],[-76.6261,39.251736],[-76.627427,39.251579],[-76.625938,39.253543]]]}},{"type":"Feature","properties":{"i":780,"geoid":"245102503011"},"geometry":{"type":"Polygon","coordinates":[[[-76.639704,39.263145],[-76.635909,39.262051],[-76.635243,39.266693],[-76.633472,39.269545],[-76.626561,39.268200],[-76.625855,39.268189],[-76.627059,39.265185],[-76.623793,39.265075],[-76.623289,39.260106],[-76.624689,39.260605],[-76.632768,39.257731],[-76.633708,39.258598],[-76.634553,39.255971],[-76.635045,39.251641],[-76.634109,39.249844],[-76.64066,39.257567],[-76.643351,39.259374],[-76.640759,39.261085],[-76.639704,39.263145]]]}},{"type":"Feature","properties":{"i":781,"geoid":"245102503012"},"geometry":{"type":"Polygon","coordinates":[[[-76.63733,39.270139],[-76.633472,39.269545],[-76.635243,39.266693],[-76.635909,39.262051],[-76.639704,39.263145],[-76.640759,39.261085],[-76.643351,39.259374],[-76.64536,39.260014],[-76.649834,39.260314],[-76.63733,39.270139]]]}},{"type":"Feature","properties":{"i":782,"geoid":"245102503031"},"geometry":{"type":"Polygon","coordinates":[[[-76.648223,39.266401],[-76.648118,39.266929],[-76.650391,39.268529],[-76.64737,39.271163],[-76.639054,39.270420],[-76.63733,39.270139],[-76.649834,39.260314],[-76.651677,39.260969],[-76.651693,39.263463],[-76.648223,39.266401]]]}},{"type":"Feature","properties":{"i":783,"geoid":"245102503032"},"geometry":{"type":"Polygon","coordinates":[[[-76.650391,39.268529],[-76.648118,39.266929],[-76.648223,39.266401],[-76.651693,39.263463],[-76.652073,39.264641],[-76.653422,39.265822],[-76.650391,39.268529]]]}},{"type":"Feature","properties":{"i":784,"geoid":"245102503033"},"geometry":{"type":"Polygon","coordinates":[[[-76.653264,39.271538],[-76.64737,39.271163],[-76.653422,39.265822],[-76.654239,39.266994],[-76.654996,39.271191],[-76.653264,39.271538]]]}},{"type":"Feature","properties":{"i":785,"geoid":"245102504011"},"geometry":{"type":"Polygon","coordinates":[[[-76.60848,39.240642],[-76.608808,39.24002],[-76.601231,39.240608],[-76.595552,39.239142],[-76.597742,39.234898],[-76.607073,39.237787],[-76.614116,39.239784],[-76.615641,39.239921],[-76.614642,39.241092],[-76.60848,39.240642]]]}},{"type":"Feature","properties":{"i":786,"geoid":"245102504012"},"geometry":{"type":"Polygon","coordinates":[[[-76.607073,39.237787],[-76.602353,39.236302],[-76.604205,39.232623],[-76.608167,39.231099],[-76.609638,39.232628],[-76.607073,39.237787]]]}},{"type":"Feature","properties":{"i":787,"geoid":"245102504013"},"geometry":{"type":"Polygon","coordinates":[[[-76.614116,39.239784],[-76.607073,39.237787],[-76.609638,39.232628],[-76.611679,39.234387],[-76.618612,39.237398],[-76.615641,39.239921],[-76.614116,39.239784]]]}},{"type":"Feature","properties":{"i":788,"geoid":"245102504021"},"geometry":{"type":"Polygon","coordinates":[[[-76.599319,39.235389],[-76.595787,39.234309],[-76.597981,39.230093],[-76.601504,39.231065],[-76.601369,39.232428],[-76.599319,39.235389]]]}},{"type":"Feature","properties":{"i":789,"geoid":"245102504022"},"geometry":{"type":"Polygon","coordinates":[[[-76.597981,39.230093],[-76.59936,39.22746],[-76.599947,39.226385],[-76.602124,39.229635],[-76.601504,39.231065],[-76.597981,39.230093]]]}},{"type":"Feature","properties":{"i":790,"geoid":"245102504023"},"geometry":{"type":"Polygon","coordinates":[[[-76.604205,39.232623],[-76.599308,39.225298],[-76.600665,39.223734],[-76.604725,39.227916],[-76.606916,39.229768],[-76.608167,39.231099],[-76.604205,39.232623]]]}},{"type":"Feature","properties":{"i":791,"geoid":"245102504024"},"geometry":{"type":"Polygon","coordinates":[[[-76.599319,39.235389],[-76.601369,39.232428],[-76.601504,39.231065],[-76.602124,39.229635],[-76.604205,39.232623],[-76.602353,39.236302],[-76.599319,39.235389]]]}},{"type":"Feature","properties":{"i":792,"geoid":"245102505001"},"geometry":{"type":"Polygon","coordinates":[[[-76.575132,39.207875],[-76.5735,39.208588],[-76.571424,39.211027],[-76.572862,39.212829],[-76.573084,39.214265],[-76.572073,39.216547],[-76.573154,39.218517],[-76.566988,39.21477],[-76.564024,39.215084],[-76.563257,39.214452],[-76.558666,39.215954],[-76.561642,39.220632],[-76.559461,39.220406],[-76.555349,39.216972],[-76.550239,39.217341],[-76.549051,39.21375],[-76.541801,39.212277],[-76.534285,39.213207],[-76.532845,39.21111],[-76.532399,39.209992],[-76.533073,39.207647],[-76.550086,39.197206],[-76.555173,39.198871],[-76.563786,39.201406],[-76.567396,39.202117],[-76.571114,39.20382],[-76.577295,39.205586],[-76.57919,39.206881],[-76.578534,39.208253],[-76.575132,39.207875]]]}},{"type":"Feature","properties":{"i":793,"geoid":"245102505002"},"geometry":{"type":"Polygon","coordinates":[[[-76.595552,39.239142],[-76.596954,39.240977],[-76.593105,39.241049],[-76.590603,39.238165],[-76.585039,39.232402],[-76.581969,39.232077],[-76.580587,39.230905],[-76.579287,39.226705],[-76.577387,39.224906],[-76.566186,39.221105],[-76.561642,39.220632],[-76.558666,39.215954],[-76.563257,39.214452],[-76.564024,39.215084],[-76.566988,39.21477],[-76.573154,39.218517],[-76.572073,39.216547],[-76.573084,39.214265],[-76.572862,39.212829],[-76.571424,39.211027],[-76.5735,39.208588],[-76.575132,39.207875],[-76.578534,39.208253],[-76.57919,39.206881],[-76.577295,39.205586],[-76.580287,39.206606],[-76.58328,39.207404],[-76.584077,39.207921],[-76.588226,39.212257],[-76.597437,39.220805],[-76.594706,39.221837],[-76.591288,39.222053],[-76.588025,39.220438],[-76.586405,39.220523],[-76.587349,39.230736],[-76.588906,39.232201],[-76.597742,39.234898],[-76.595552,39.239142]]]}},{"type":"Feature","properties":{"i":794,"geoid":"245102505003"},"geometry":{"type":"Polygon","coordinates":[[[-76.599947,39.226385],[-76.59936,39.22746],[-76.597029,39.228531],[-76.594142,39.228372],[-76.592239,39.227505],[-76.591538,39.226686],[-76.587051,39.227697],[-76.586405,39.220523],[-76.588025,39.220438],[-76.591288,39.222053],[-76.594706,39.221837],[-76.597437,39.220805],[-76.600665,39.223734],[-76.599308,39.225298],[-76.599947,39.226385]]]}},{"type":"Feature","properties":{"i":795,"geoid":"245102505004"},"geometry":{"type":"Polygon","coordinates":[[[-76.591318,39.228319],[-76.591597,39.231352],[-76.590727,39.232746],[-76.588906,39.232201],[-76.587349,39.230736],[-76.587051,39.227697],[-76.591538,39.226686],[-76.592239,39.227505],[-76.591318,39.228319]]]}},{"type":"Feature","properties":{"i":796,"geoid":"245102505005"},"geometry":{"type":"Polygon","coordinates":[[[-76.595787,39.234309],[-76.590727,39.232746],[-76.591597,39.231352],[-76.591318,39.228319],[-76.592239,39.227505],[-76.594142,39.228372],[-76.597029,39.228531],[-76.59936,39.22746],[-76.595787,39.234309]]]}},{"type":"Feature","properties":{"i":797,"geoid":"245102506001"},"geometry":{"type":"Polygon","coordinates":[[[-76.609089,39.249905],[-76.608288,39.254706],[-76.589488,39.254806],[-76.584887,39.255371],[-76.584465,39.253791],[-76.578523,39.251215],[-76.578523,39.248821],[-76.571749,39.245600],[-76.565569,39.241182],[-76.56343,39.237869],[-76.562242,39.235291],[-76.560103,39.235476],[-76.558439,39.233727],[-76.558914,39.232255],[-76.559992,39.231166],[-76.562479,39.230414],[-76.562836,39.229677],[-76.562004,39.227560],[-76.5645,39.224614],[-76.559461,39.220406],[-76.566186,39.221105],[-76.577387,39.224906],[-76.579287,39.226705],[-76.580587,39.230905],[-76.581969,39.232077],[-76.585039,39.232402],[-76.590603,39.238165],[-76.593105,39.241049],[-76.596954,39.240977],[-76.595552,39.239142],[-76.601231,39.240608],[-76.608808,39.24002],[-76.60848,39.240642],[-76.614642,39.241092],[-76.612489,39.246606],[-76.609089,39.249905]]]}},{"type":"Feature","properties":{"i":798,"geoid":"245102601013"},"geometry":{"type":"Polygon","coordinates":[[[-76.534415,39.339631],[-76.534649,39.340153],[-76.529753,39.340150],[-76.529693,39.336141],[-76.530318,39.335968],[-76.533694,39.337207],[-76.537755,39.336731],[-76.53896,39.336831],[-76.534415,39.339631]]]}},{"type":"Feature","properties":{"i":799,"geoid":"245102601014"},"geometry":{"type":"Polygon","coordinates":[[[-76.534415,39.339631],[-76.53896,39.336831],[-76.540625,39.337798],[-76.541467,39.339464],[-76.542448,39.340157],[-76.534649,39.340153],[-76.534415,39.339631]]]}},{"type":"Feature","properties":{"i":800,"geoid":"245102601021"},"geometry":{"type":"Polygon","coordinates":[[[-76.533694,39.337207],[-76.530318,39.335968],[-76.529693,39.336141],[-76.529685,39.331149],[-76.534533,39.33028],[-76.533464,39.332605],[-76.534532,39.335639],[-76.535872,39.336956],[-76.533694,39.337207]]]}},{"type":"Feature","properties":{"i":801,"geoid":"245102601022"},"geometry":{"type":"Polygon","coordinates":[[[-76.53896,39.336831],[-76.537755,39.336731],[-76.535872,39.336956],[-76.534532,39.335639],[-76.533464,39.332605],[-76.534533,39.33028],[-76.535007,39.330198],[-76.535984,39.332562],[-76.539391,39.336721],[-76.541311,39.336845],[-76.540625,39.337798],[-76.53896,39.336831]]]}},{"type":"Feature","properties":{"i":802,"geoid":"245102601023"},"geometry":{"type":"Polygon","coordinates":[[[-76.543988,39.331596],[-76.539235,39.332745],[-76.539323,39.336182],[-76.539408,39.336354],[-76.541311,39.336845],[-76.539391,39.336721],[-76.535984,39.332562],[-76.535007,39.330198],[-76.541721,39.329213],[-76.543988,39.331596]]]}},{"type":"Feature","properties":{"i":803,"geoid":"245102601024"},"geometry":{"type":"Polygon","coordinates":[[[-76.541467,39.339464],[-76.540625,39.337798],[-76.541311,39.336845],[-76.539408,39.336354],[-76.539323,39.336182],[-76.539235,39.332745],[-76.540701,39.332473],[-76.541477,39.334179],[-76.546315,39.337914],[-76.544925,39.338951],[-76.546319,39.340159],[-76.542448,39.340157],[-76.541467,39.339464]]]}},{"type":"Feature","properties":{"i":804,"geoid":"245102601025"},"geometry":{"type":"Polygon","coordinates":[[[-76.548752,39.340160],[-76.546319,39.340159],[-76.544925,39.338951],[-76.546315,39.337914],[-76.541477,39.334179],[-76.540701,39.332473],[-76.543988,39.331596],[-76.547481,39.333471],[-76.548004,39.333965],[-76.548533,39.335248],[-76.55166,39.338121],[-76.548752,39.340160]]]}},{"type":"Feature","properties":{"i":805,"geoid":"245102602011"},"geometry":{"type":"Polygon","coordinates":[[[-76.558902,39.333078],[-76.55166,39.338121],[-76.548533,39.335248],[-76.548004,39.333965],[-76.551129,39.331926],[-76.552141,39.332859],[-76.554939,39.330836],[-76.558902,39.333078]]]}},{"type":"Feature","properties":{"i":806,"geoid":"245102602012"},"geometry":{"type":"Polygon","coordinates":[[[-76.551129,39.331926],[-76.548004,39.333965],[-76.547481,39.333471],[-76.543988,39.331596],[-76.543521,39.331135],[-76.547689,39.329900],[-76.546786,39.328496],[-76.548719,39.327741],[-76.551669,39.325844],[-76.551992,39.328237],[-76.554939,39.330836],[-76.552141,39.332859],[-76.551129,39.331926]]]}},{"type":"Feature","properties":{"i":807,"geoid":"245102602013"},"geometry":{"type":"Polygon","coordinates":[[[-76.558902,39.333078],[-76.554939,39.330836],[-76.551992,39.328237],[-76.551669,39.325844],[-76.551788,39.325781],[-76.555031,39.327677],[-76.558756,39.328963],[-76.560908,39.330402],[-76.561612,39.331095],[-76.558902,39.333078]]]}},{"type":"Feature","properties":{"i":808,"geoid":"245102602014"},"geometry":{"type":"Polygon","coordinates":[[[-76.543521,39.331135],[-76.541721,39.329213],[-76.540754,39.323623],[-76.542892,39.322951],[-76.544199,39.326350],[-76.545619,39.326278],[-76.547689,39.329900],[-76.543521,39.331135]]]}},{"type":"Feature","properties":{"i":809,"geoid":"245102602015"},"geometry":{"type":"Polygon","coordinates":[[[-76.546786,39.328496],[-76.545619,39.326278],[-76.544199,39.326350],[-76.542892,39.322951],[-76.545266,39.32225],[-76.548442,39.321829],[-76.548647,39.322534],[-76.551669,39.325844],[-76.548719,39.327741],[-76.546786,39.328496]]]}},{"type":"Feature","properties":{"i":810,"geoid":"245102602021"},"geometry":{"type":"Polygon","coordinates":[[[-76.560908,39.330402],[-76.558756,39.328963],[-76.560283,39.327166],[-76.560576,39.326497],[-76.56412,39.329248],[-76.561612,39.331095],[-76.560908,39.330402]]]}},{"type":"Feature","properties":{"i":811,"geoid":"245102602022"},"geometry":{"type":"Polygon","coordinates":[[[-76.560404,39.324407],[-76.559802,39.325722],[-76.555474,39.325785],[-76.553947,39.324765],[-76.552815,39.321660],[-76.555941,39.321398],[-76.553856,39.318669],[-76.555024,39.317955],[-76.556407,39.320694],[-76.557686,39.321426],[-76.559759,39.320994],[-76.560491,39.321175],[-76.561433,39.323472],[-76.560404,39.324407]]]}},{"type":"Feature","properties":{"i":812,"geoid":"245102602023"},"geometry":{"type":"Polygon","coordinates":[[[-76.56412,39.329248],[-76.560576,39.326497],[-76.559802,39.325722],[-76.560404,39.324407],[-76.561433,39.323472],[-76.562605,39.32467],[-76.565589,39.325221],[-76.567543,39.326405],[-76.56412,39.329248]]]}},{"type":"Feature","properties":{"i":813,"geoid":"245102602024"},"geometry":{"type":"Polygon","coordinates":[[[-76.558756,39.328963],[-76.555031,39.327677],[-76.551788,39.325781],[-76.553309,39.324942],[-76.553947,39.324765],[-76.555474,39.325785],[-76.559802,39.325722],[-76.560576,39.326497],[-76.560283,39.327166],[-76.558756,39.328963]]]}},{"type":"Feature","properties":{"i":814,"geoid":"245102602025"},"geometry":{"type":"Polygon","coordinates":[[[-76.552815,39.321660],[-76.553947,39.324765],[-76.553309,39.324942],[-76.551669,39.325844],[-76.548647,39.322534],[-76.548442,39.321829],[-76.549061,39.321661],[-76.553856,39.318669],[-76.555941,39.321398],[-76.552815,39.321660]]]}},{"type":"Feature","properties":{"i":815,"geoid":"245102602031"},"geometry":{"type":"Polygon","coordinates":[[[-76.549061,39.321661],[-76.545266,39.32225],[-76.540754,39.323623],[-76.540459,39.321218],[-76.548136,39.316256],[-76.548938,39.315888],[-76.549152,39.316351],[-76.552311,39.316807],[-76.555024,39.317955],[-76.549061,39.321661]]]}},{"type":"Feature","properties":{"i":816,"geoid":"245102602032"},"geometry":{"type":"Polygon","coordinates":[[[-76.541721,39.329213],[-76.532977,39.330558],[-76.534112,39.328893],[-76.534104,39.328294],[-76.536023,39.326705],[-76.540459,39.321218],[-76.541721,39.329213]]]}},{"type":"Feature","properties":{"i":817,"geoid":"245102603011"},"geometry":{"type":"Polygon","coordinates":[[[-76.567543,39.326405],[-76.565589,39.325221],[-76.562605,39.32467],[-76.566692,39.322568],[-76.569634,39.32472],[-76.567543,39.326405]]]}},{"type":"Feature","properties":{"i":818,"geoid":"245102603012"},"geometry":{"type":"Polygon","coordinates":[[[-76.562605,39.32467],[-76.561433,39.323472],[-76.560491,39.321175],[-76.559759,39.320994],[-76.56054,39.320223],[-76.562827,39.319750],[-76.563298,39.321115],[-76.565928,39.322941],[-76.562605,39.32467]]]}},{"type":"Feature","properties":{"i":819,"geoid":"245102603013"},"geometry":{"type":"Polygon","coordinates":[[[-76.568749,39.321525],[-76.565928,39.322941],[-76.563298,39.321115],[-76.562827,39.319750],[-76.56647,39.319220],[-76.566823,39.320896],[-76.568749,39.321525]]]}},{"type":"Feature","properties":{"i":820,"geoid":"245102603014"},"geometry":{"type":"Polygon","coordinates":[[[-76.566692,39.322568],[-76.568749,39.321525],[-76.571286,39.323389],[-76.569634,39.32472],[-76.566692,39.322568]]]}},{"type":"Feature","properties":{"i":821,"geoid":"245102603015"},"geometry":{"type":"Polygon","coordinates":[[[-76.571286,39.323389],[-76.568749,39.321525],[-76.566823,39.320896],[-76.56647,39.319220],[-76.569962,39.318791],[-76.570439,39.318423],[-76.571103,39.319612],[-76.571729,39.320259],[-76.573745,39.321612],[-76.571286,39.323389]]]}},{"type":"Feature","properties":{"i":822,"geoid":"245102603021"},"geometry":{"type":"Polygon","coordinates":[[[-76.559759,39.320994],[-76.557686,39.321426],[-76.556407,39.320694],[-76.555024,39.317955],[-76.557123,39.316561],[-76.560142,39.319052],[-76.56054,39.320223],[-76.559759,39.320994]]]}},{"type":"Feature","properties":{"i":823,"geoid":"245102603022"},"geometry":{"type":"Polygon","coordinates":[[[-76.56054,39.320223],[-76.560142,39.319052],[-76.557123,39.316561],[-76.559314,39.315315],[-76.560577,39.316695],[-76.561422,39.316232],[-76.561725,39.316629],[-76.562827,39.319750],[-76.56054,39.320223]]]}},{"type":"Feature","properties":{"i":824,"geoid":"245102603023"},"geometry":{"type":"Polygon","coordinates":[[[-76.562334,39.315905],[-76.560577,39.316695],[-76.559314,39.315315],[-76.563668,39.313642],[-76.566407,39.313560],[-76.566754,39.315351],[-76.562334,39.315905]]]}},{"type":"Feature","properties":{"i":825,"geoid":"245102603024"},"geometry":{"type":"Polygon","coordinates":[[[-76.567534,39.319085],[-76.562827,39.319750],[-76.561725,39.316629],[-76.561422,39.316232],[-76.562334,39.315905],[-76.566754,39.315351],[-76.567534,39.319085]]]}},{"type":"Feature","properties":{"i":826,"geoid":"245102603025"},"geometry":{"type":"Polygon","coordinates":[[[-76.567534,39.319085],[-76.566754,39.315351],[-76.566407,39.313560],[-76.567713,39.313531],[-76.570439,39.318423],[-76.569962,39.318791],[-76.567534,39.319085]]]}},{"type":"Feature","properties":{"i":827,"geoid":"245102603026"},"geometry":{"type":"Polygon","coordinates":[[[-76.571729,39.320259],[-76.571103,39.319612],[-76.567713,39.313531],[-76.570447,39.313451],[-76.573137,39.314473],[-76.572969,39.317075],[-76.571729,39.320259]]]}},{"type":"Feature","properties":{"i":828,"geoid":"245102603031"},"geometry":{"type":"Polygon","coordinates":[[[-76.570447,39.313451],[-76.563668,39.313642],[-76.559314,39.315315],[-76.555024,39.317955],[-76.552311,39.316807],[-76.549152,39.316351],[-76.548938,39.315888],[-76.549349,39.31374],[-76.550387,39.311317],[-76.552046,39.311094],[-76.55361,39.310102],[-76.554023,39.310807],[-76.560536,39.309058],[-76.565478,39.308969],[-76.568615,39.309379],[-76.573046,39.309338],[-76.573137,39.314473],[-76.570447,39.313451]]]}},{"type":"Feature","properties":{"i":829,"geoid":"245102604011"},"geometry":{"type":"Polygon","coordinates":[[[-76.554023,39.310807],[-76.55361,39.310102],[-76.550695,39.308199],[-76.549365,39.305364],[-76.551533,39.304737],[-76.552759,39.303004],[-76.553604,39.303157],[-76.550674,39.301077],[-76.553479,39.300151],[-76.554885,39.301018],[-76.565478,39.308969],[-76.560536,39.309058],[-76.554023,39.310807]]]}},{"type":"Feature","properties":{"i":830,"geoid":"245102604012"},"geometry":{"type":"Polygon","coordinates":[[[-76.550387,39.311317],[-76.547918,39.311195],[-76.546903,39.309603],[-76.543118,39.307352],[-76.544698,39.304559],[-76.546089,39.302547],[-76.550674,39.301077],[-76.553604,39.303157],[-76.552759,39.303004],[-76.551533,39.304737],[-76.549365,39.305364],[-76.550695,39.308199],[-76.55361,39.310102],[-76.552046,39.311094],[-76.550387,39.311317]]]}},{"type":"Feature","properties":{"i":831,"geoid":"245102604021"},"geometry":{"type":"Polygon","coordinates":[[[-76.536023,39.326705],[-76.534104,39.328294],[-76.53241,39.324567],[-76.534414,39.322306],[-76.535294,39.317681],[-76.538793,39.314253],[-76.540247,39.319496],[-76.537215,39.320138],[-76.536427,39.321908],[-76.540459,39.321218],[-76.536023,39.326705]]]}},{"type":"Feature","properties":{"i":832,"geoid":"245102604022"},"geometry":{"type":"Polygon","coordinates":[[[-76.548938,39.315888],[-76.548136,39.316256],[-76.540459,39.321218],[-76.536427,39.321908],[-76.537215,39.320138],[-76.540247,39.319496],[-76.538793,39.314253],[-76.540029,39.312791],[-76.543118,39.307352],[-76.546903,39.309603],[-76.547918,39.311195],[-76.550387,39.311317],[-76.549349,39.31374],[-76.548938,39.315888]]]}},{"type":"Feature","properties":{"i":833,"geoid":"245102604031"},"geometry":{"type":"Polygon","coordinates":[[[-76.53241,39.324567],[-76.534104,39.328294],[-76.534112,39.328893],[-76.532977,39.330558],[-76.529685,39.331149],[-76.529686,39.323263],[-76.535294,39.317681],[-76.534414,39.322306],[-76.53241,39.324567]]]}},{"type":"Feature","properties":{"i":834,"geoid":"245102604032"},"geometry":{"type":"Polygon","coordinates":[[[-76.544698,39.304559],[-76.540029,39.312791],[-76.538793,39.314253],[-76.529686,39.323263],[-76.529971,39.319565],[-76.529786,39.310391],[-76.536411,39.305962],[-76.539257,39.304628],[-76.546089,39.302547],[-76.544698,39.304559]]]}},{"type":"Feature","properties":{"i":835,"geoid":"245102604041"},"geometry":{"type":"Polygon","coordinates":[[[-76.554851,39.295666],[-76.552926,39.296735],[-76.550222,39.297169],[-76.546089,39.302547],[-76.539257,39.304628],[-76.536411,39.305962],[-76.529786,39.310391],[-76.529786,39.299109],[-76.529517,39.297056],[-76.532785,39.295413],[-76.53634,39.296170],[-76.54812,39.295665],[-76.55181,39.292098],[-76.557417,39.291799],[-76.55604,39.294538],[-76.554851,39.295666]]]}},{"type":"Feature","properties":{"i":836,"geoid":"245102604042"},"geometry":{"type":"Polygon","coordinates":[[[-76.568615,39.309379],[-76.565478,39.308969],[-76.554885,39.301018],[-76.553479,39.300151],[-76.546089,39.302547],[-76.550222,39.297169],[-76.552926,39.296735],[-76.554851,39.295666],[-76.55604,39.294538],[-76.557417,39.291799],[-76.562744,39.291595],[-76.563302,39.299586],[-76.572789,39.299233],[-76.573046,39.309338],[-76.568615,39.309379]]]}},{"type":"Feature","properties":{"i":837,"geoid":"245102604043"},"geometry":{"type":"Polygon","coordinates":[[[-76.563302,39.299586],[-76.562827,39.292753],[-76.569413,39.292487],[-76.569911,39.29935],[-76.563302,39.299586]]]}},{"type":"Feature","properties":{"i":838,"geoid":"245102605011"},"geometry":{"type":"Polygon","coordinates":[[[-76.55181,39.292098],[-76.54812,39.295665],[-76.53634,39.296170],[-76.532785,39.295413],[-76.533967,39.294572],[-76.537036,39.290915],[-76.537168,39.287811],[-76.554983,39.287127],[-76.554135,39.288054],[-76.555724,39.291782],[-76.55181,39.292098]]]}},{"type":"Feature","properties":{"i":839,"geoid":"245102605012"},"geometry":{"type":"Polygon","coordinates":[[[-76.548349,39.287422],[-76.548034,39.284959],[-76.546406,39.284727],[-76.550034,39.282973],[-76.554644,39.282287],[-76.554983,39.287127],[-76.548349,39.287422]]]}},{"type":"Feature","properties":{"i":840,"geoid":"245102605013"},"geometry":{"type":"Polygon","coordinates":[[[-76.550034,39.282973],[-76.546406,39.284727],[-76.548034,39.284959],[-76.548349,39.287422],[-76.537168,39.287811],[-76.537036,39.290915],[-76.533967,39.294572],[-76.532785,39.295413],[-76.529517,39.297056],[-76.529592,39.284851],[-76.530393,39.284818],[-76.535704,39.281793],[-76.554581,39.280977],[-76.554644,39.282287],[-76.550034,39.282973]]]}},{"type":"Feature","properties":{"i":841,"geoid":"245102606041"},"geometry":{"type":"Polygon","coordinates":[[[-76.540512,39.281573],[-76.539172,39.280562],[-76.538796,39.278184],[-76.543738,39.277931],[-76.543805,39.281442],[-76.540512,39.281573]]]}},{"type":"Feature","properties":{"i":842,"geoid":"245102606042"},"geometry":{"type":"Polygon","coordinates":[[[-76.535704,39.281793],[-76.534252,39.279079],[-76.536287,39.278945],[-76.538796,39.278184],[-76.539172,39.280562],[-76.540512,39.281573],[-76.535704,39.281793]]]}},{"type":"Feature","properties":{"i":843,"geoid":"245102606043"},"geometry":{"type":"Polygon","coordinates":[[[-76.539133,39.278127],[-76.536287,39.278945],[-76.534252,39.279079],[-76.533504,39.277541],[-76.53517,39.275271],[-76.537924,39.274839],[-76.538005,39.276466],[-76.54364,39.276282],[-76.543738,39.277931],[-76.539133,39.278127]]]}},{"type":"Feature","properties":{"i":844,"geoid":"245102606051"},"geometry":{"type":"Polygon","coordinates":[[[-76.530393,39.284818],[-76.529592,39.284851],[-76.529934,39.283081],[-76.529788,39.281527],[-76.529781,39.273100],[-76.529623,39.272306],[-76.529788,39.269722],[-76.535704,39.281793],[-76.530393,39.284818]]]}},{"type":"Feature","properties":{"i":845,"geoid":"245102606052"},"geometry":{"type":"Polygon","coordinates":[[[-76.538005,39.276466],[-76.537924,39.274839],[-76.53517,39.275271],[-76.533504,39.277541],[-76.531191,39.272582],[-76.543368,39.272119],[-76.54364,39.276282],[-76.538005,39.276466]]]}},{"type":"Feature","properties":{"i":846,"geoid":"245102606053"},"geometry":{"type":"Polygon","coordinates":[[[-76.547586,39.281285],[-76.543805,39.281442],[-76.543647,39.276496],[-76.546015,39.276398],[-76.5461,39.277800],[-76.548203,39.278061],[-76.547473,39.279094],[-76.547586,39.281285]]]}},{"type":"Feature","properties":{"i":847,"geoid":"245102606054"},"geometry":{"type":"Polygon","coordinates":[[[-76.535624,39.266337],[-76.532984,39.264391],[-76.531348,39.264309],[-76.529784,39.264988],[-76.529785,39.255780],[-76.532568,39.258636],[-76.53567,39.262681],[-76.537571,39.264115],[-76.540076,39.265147],[-76.539832,39.266362],[-76.535624,39.266337]]]}},{"type":"Feature","properties":{"i":848,"geoid":"245102606055"},"geometry":{"type":"Polygon","coordinates":[[[-76.571008,39.278337],[-76.5645,39.278594],[-76.562057,39.280707],[-76.561754,39.275605],[-76.563269,39.274670],[-76.572687,39.275007],[-76.570877,39.276421],[-76.571008,39.278337]]]}},{"type":"Feature","properties":{"i":849,"geoid":"245102606056"},"geometry":{"type":"Polygon","coordinates":[[[-76.572687,39.275007],[-76.563269,39.274670],[-76.561754,39.275605],[-76.562057,39.280707],[-76.547586,39.281285],[-76.547473,39.279094],[-76.548203,39.278061],[-76.5461,39.277800],[-76.546015,39.276398],[-76.543647,39.276496],[-76.543368,39.272119],[-76.531191,39.272582],[-76.529788,39.269722],[-76.529784,39.264988],[-76.531348,39.264309],[-76.532984,39.264391],[-76.535624,39.266337],[-76.539832,39.266362],[-76.540076,39.265147],[-76.537571,39.264115],[-76.53567,39.262681],[-76.532568,39.258636],[-76.529785,39.255780],[-76.529487,39.247045],[-76.529583,39.240298],[-76.533245,39.239249],[-76.538949,39.245509],[-76.540256,39.250387],[-76.552735,39.257472],[-76.563311,39.25692],[-76.566282,39.259589],[-76.569016,39.259220],[-76.571511,39.260693],[-76.572224,39.264740],[-76.575030,39.264642],[-76.575486,39.267104],[-76.577586,39.271606],[-76.572687,39.275007]]]}},{"type":"Feature","properties":{"i":850,"geoid":"245102607001"},"geometry":{"type":"Polygon","coordinates":[[[-76.562744,39.291595],[-76.554992,39.291910],[-76.555724,39.291782],[-76.554135,39.288054],[-76.554983,39.287127],[-76.557327,39.287015],[-76.558626,39.287294],[-76.558433,39.283935],[-76.5548,39.284053],[-76.554581,39.280977],[-76.562057,39.280707],[-76.562744,39.291595]]]}},{"type":"Feature","properties":{"i":851,"geoid":"245102607002"},"geometry":{"type":"Polygon","coordinates":[[[-76.557327,39.287015],[-76.554983,39.287127],[-76.5548,39.284053],[-76.558433,39.283935],[-76.558626,39.287294],[-76.557327,39.287015]]]}},{"type":"Feature","properties":{"i":852,"geoid":"245102608001"},"geometry":{"type":"Polygon","coordinates":[[[-76.562827,39.292753],[-76.562578,39.288816],[-76.565424,39.288717],[-76.565576,39.291012],[-76.569306,39.290867],[-76.569413,39.292487],[-76.562827,39.292753]]]}},{"type":"Feature","properties":{"i":853,"geoid":"245102608002"},"geometry":{"type":"Polygon","coordinates":[[[-76.565576,39.291012],[-76.565424,39.288717],[-76.562578,39.288816],[-76.562513,39.287824],[-76.569091,39.287565],[-76.569306,39.290867],[-76.565576,39.291012]]]}},{"type":"Feature","properties":{"i":854,"geoid":"245102609001"},"geometry":{"type":"Polygon","coordinates":[[[-76.562513,39.287824],[-76.562312,39.284791],[-76.566094,39.284630],[-76.565973,39.282602],[-76.56878,39.282488],[-76.569091,39.287565],[-76.562513,39.287824]]]}},{"type":"Feature","properties":{"i":855,"geoid":"245102609002"},"geometry":{"type":"Polygon","coordinates":[[[-76.562312,39.284791],[-76.562123,39.281749],[-76.565887,39.281581],[-76.566094,39.284630],[-76.562312,39.284791]]]}},{"type":"Feature","properties":{"i":856,"geoid":"245102609003"},"geometry":{"type":"Polygon","coordinates":[[[-76.565973,39.282602],[-76.565887,39.281581],[-76.562123,39.281749],[-76.562057,39.280707],[-76.5645,39.278594],[-76.568512,39.278417],[-76.56878,39.282488],[-76.565973,39.282602]]]}},{"type":"Feature","properties":{"i":857,"geoid":"245102610001"},"geometry":{"type":"Polygon","coordinates":[[[-76.569911,39.29935],[-76.56974,39.297225],[-76.572597,39.297115],[-76.572661,39.299237],[-76.569911,39.29935]]]}},{"type":"Feature","properties":{"i":858,"geoid":"245102610002"},"geometry":{"type":"Polygon","coordinates":[[[-76.56974,39.297225],[-76.569462,39.293065],[-76.570972,39.293564],[-76.572468,39.293504],[-76.572597,39.297115],[-76.56974,39.297225]]]}},{"type":"Feature","properties":{"i":859,"geoid":"245102610003"},"geometry":{"type":"Polygon","coordinates":[[[-76.570972,39.293564],[-76.569462,39.293065],[-76.569334,39.291335],[-76.571839,39.291243],[-76.57238,39.292380],[-76.572468,39.293504],[-76.570972,39.293564]]]}},{"type":"Feature","properties":{"i":860,"geoid":"245102610004"},"geometry":{"type":"Polygon","coordinates":[[[-76.569334,39.291335],[-76.569091,39.287565],[-76.571607,39.287476],[-76.571839,39.291243],[-76.569334,39.291335]]]}},{"type":"Feature","properties":{"i":861,"geoid":"245102611001"},"geometry":{"type":"Polygon","coordinates":[[[-76.569091,39.287565],[-76.568845,39.283508],[-76.571339,39.283407],[-76.571607,39.287476],[-76.569091,39.287565]]]}},{"type":"Feature","properties":{"i":862,"geoid":"245102611002"},"geometry":{"type":"Polygon","coordinates":[[[-76.568845,39.283508],[-76.568512,39.278417],[-76.571008,39.278337],[-76.571339,39.283407],[-76.568845,39.283508]]]}},{"type":"Feature","properties":{"i":863,"geoid":"245102701011"},"geometry":{"type":"Polygon","coordinates":[[[-76.568325,39.339026],[-76.567424,39.339556],[-76.5672,39.339075],[-76.565121,39.337285],[-76.567674,39.335809],[-76.568259,39.333723],[-76.569968,39.332653],[-76.572075,39.333329],[-76.573154,39.335786],[-76.572095,39.336116],[-76.568325,39.339026]]]}},{"type":"Feature","properties":{"i":864,"geoid":"245102701012"},"geometry":{"type":"Polygon","coordinates":[[[-76.575221,39.335242],[-76.573154,39.335786],[-76.572075,39.333329],[-76.569968,39.332653],[-76.568259,39.333723],[-76.567674,39.335809],[-76.565121,39.337285],[-76.561612,39.331095],[-76.56412,39.329248],[-76.567543,39.326405],[-76.568236,39.327416],[-76.570771,39.32721],[-76.569928,39.329539],[-76.575302,39.33222],[-76.576547,39.333861],[-76.575221,39.335242]]]}},{"type":"Feature","properties":{"i":865,"geoid":"245102701021"},"geometry":{"type":"Polygon","coordinates":[[[-76.559646,39.33965],[-76.559656,39.340164],[-76.557170,39.340164],[-76.559646,39.33965]]]}},{"type":"Feature","properties":{"i":866,"geoid":"245102701022"},"geometry":{"type":"Polygon","coordinates":[[[-76.557170,39.340164],[-76.553995,39.340162],[-76.553285,39.339229],[-76.552441,39.337613],[-76.554456,39.336184],[-76.556369,39.337728],[-76.558689,39.336831],[-76.559646,39.33965],[-76.557170,39.340164]]]}},{"type":"Feature","properties":{"i":867,"geoid":"245102701023"},"geometry":{"type":"Polygon","coordinates":[[[-76.559714,39.336255],[-76.558689,39.336831],[-76.556369,39.337728],[-76.554456,39.336184],[-76.561612,39.331095],[-76.563823,39.335052],[-76.559714,39.336255]]]}},{"type":"Feature","properties":{"i":868,"geoid":"245102701024"},"geometry":{"type":"Polygon","coordinates":[[[-76.566324,39.340167],[-76.559656,39.340164],[-76.559646,39.33965],[-76.558689,39.336831],[-76.559714,39.336255],[-76.563823,39.335052],[-76.565121,39.337285],[-76.5672,39.339075],[-76.567424,39.339556],[-76.566324,39.340167]]]}},{"type":"Feature","properties":{"i":869,"geoid":"245102702001"},"geometry":{"type":"Polygon","coordinates":[[[-76.572299,39.340168],[-76.567553,39.340167],[-76.567424,39.339556],[-76.568325,39.339026],[-76.572095,39.336116],[-76.574253,39.337942],[-76.572299,39.340168]]]}},{"type":"Feature","properties":{"i":870,"geoid":"245102702002"},"geometry":{"type":"Polygon","coordinates":[[[-76.572369,39.340093],[-76.574253,39.337942],[-76.572095,39.336116],[-76.575221,39.335242],[-76.576547,39.333861],[-76.578427,39.335491],[-76.576952,39.338625],[-76.578161,39.340169],[-76.572369,39.340093]]]}},{"type":"Feature","properties":{"i":871,"geoid":"245102702003"},"geometry":{"type":"Polygon","coordinates":[[[-76.572369,39.340093],[-76.572487,39.340168],[-76.572299,39.340168],[-76.572369,39.340093]]]}},{"type":"Feature","properties":{"i":872,"geoid":"245102703022"},"geometry":{"type":"Polygon","coordinates":[[[-76.567424,39.339556],[-76.567553,39.340167],[-76.566324,39.340167],[-76.567424,39.339556]]]}},{"type":"Feature","properties":{"i":873,"geoid":"245102704013"},"geometry":{"type":"Polygon","coordinates":[[[-76.548752,39.340160],[-76.552441,39.337613],[-76.553285,39.339229],[-76.553995,39.340162],[-76.548752,39.340160]]]}},{"type":"Feature","properties":{"i":874,"geoid":"245102709031"},"geometry":{"type":"MultiPolygon","coordinates":[[[[-76.576952,39.338625],[-76.578519,39.339611],[-76.580370,39.340170],[-76.578161,39.340169],[-76.576952,39.338625]]],[[[-76.585664,39.339927],[-76.592049,39.340157],[-76.593995,39.339774],[-76.593845,39.340171],[-76.582890,39.340170],[-76.585664,39.339927]]]]}},{"type":"Feature","properties":{"i":875,"geoid":"245102709032"},"geometry":{"type":"Polygon","coordinates":[[[-76.593995,39.339774],[-76.596794,39.339082],[-76.600211,39.340064],[-76.600200,39.340171],[-76.593845,39.340171],[-76.593995,39.339774]]]}},{"type":"Feature","properties":{"i":876,"geoid":"245102710012"},"geometry":{"type":"Polygon","coordinates":[[[-76.600211,39.340064],[-76.600411,39.340171],[-76.600200,39.340171],[-76.600211,39.340064]]]}},{"type":"Feature","properties":{"i":877,"geoid":"245102710013"},"geometry":{"type":"Polygon","coordinates":[[[-76.607667,39.339677],[-76.609563,39.340171],[-76.606239,39.340171],[-76.607667,39.339677]]]}},{"type":"Feature","properties":{"i":878,"geoid":"245102711021"},"geometry":{"type":"MultiPolygon","coordinates":[[[[-76.60958,39.339798],[-76.610507,39.340171],[-76.609599,39.340171],[-76.60958,39.339798]]],[[[-76.615993,39.339015],[-76.618363,39.338530],[-76.618401,39.339254],[-76.619927,39.340170],[-76.613538,39.340171],[-76.615993,39.339015]]]]}},{"type":"Feature","properties":{"i":879,"geoid":"245102714003"},"geometry":{"type":"Polygon","coordinates":[[[-76.625744,39.339604],[-76.624024,39.336479],[-76.625566,39.337350],[-76.627683,39.339122],[-76.62858,39.339435],[-76.631389,39.339325],[-76.632504,39.340167],[-76.625755,39.340169],[-76.625744,39.339604]]]}},{"type":"Feature","properties":{"i":880,"geoid":"245102716004"},"geometry":{"type":"Polygon","coordinates":[[[-76.666473,39.339632],[-76.667926,39.338921],[-76.668324,39.339392],[-76.670887,39.340150],[-76.666865,39.340152],[-76.666473,39.339632]]]}},{"type":"Feature","properties":{"i":881,"geoid":"245102716006"},"geometry":{"type":"Polygon","coordinates":[[[-76.666473,39.339632],[-76.666865,39.340152],[-76.665485,39.340153],[-76.666473,39.339632]]]}},{"type":"Feature","properties":{"i":882,"geoid":"245102801013"},"geometry":{"type":"Polygon","coordinates":[[[-76.677964,39.339925],[-76.678686,39.340145],[-76.677800,39.340145],[-76.677964,39.339925]]]}},{"type":"Feature","properties":{"i":883,"geoid":"245102801021"},"geometry":{"type":"Polygon","coordinates":[[[-76.703777,39.34009],[-76.704775,39.339980],[-76.70867,39.335554],[-76.711025,39.336333],[-76.711118,39.340118],[-76.703777,39.34009]]]}},{"type":"Feature","properties":{"i":884,"geoid":"245102801022"},"geometry":{"type":"Polygon","coordinates":[[[-76.693994,39.338688],[-76.693985,39.339722],[-76.689373,39.339731],[-76.689361,39.333976],[-76.689675,39.333393],[-76.69772,39.335964],[-76.695182,39.338693],[-76.693994,39.338688]]]}},{"type":"Feature","properties":{"i":885,"geoid":"245102801023"},"geometry":{"type":"Polygon","coordinates":[[[-76.689675,39.333393],[-76.690866,39.331013],[-76.688646,39.330430],[-76.688580,39.329184],[-76.700637,39.332961],[-76.69772,39.335964],[-76.689675,39.333393]]]}},{"type":"Feature","properties":{"i":886,"geoid":"245102801024"},"geometry":{"type":"Polygon","coordinates":[[[-76.704775,39.339980],[-76.703777,39.34009],[-76.702883,39.339819],[-76.69772,39.335964],[-76.700637,39.332961],[-76.70867,39.335554],[-76.704775,39.339980]]]}},{"type":"Feature","properties":{"i":887,"geoid":"245102801025"},"geometry":{"type":"Polygon","coordinates":[[[-76.693986,39.340133],[-76.693994,39.338688],[-76.695182,39.338693],[-76.69772,39.335964],[-76.702883,39.339819],[-76.703777,39.34009],[-76.693986,39.340133]]]}},{"type":"Feature","properties":{"i":888,"geoid":"245102801026"},"geometry":{"type":"Polygon","coordinates":[[[-76.689373,39.339731],[-76.693985,39.339722],[-76.693986,39.340133],[-76.689375,39.340137],[-76.689373,39.339731]]]}},{"type":"Feature","properties":{"i":889,"geoid":"245102802001"},"geometry":{"type":"Polygon","coordinates":[[[-76.694259,39.330919],[-76.687421,39.328837],[-76.690069,39.323586],[-76.694086,39.324722],[-76.696512,39.326565],[-76.694259,39.330919]]]}},{"type":"Feature","properties":{"i":890,"geoid":"245102802002"},"geometry":{"type":"Polygon","coordinates":[[[-76.709808,39.325147],[-76.707572,39.326804],[-76.704238,39.325408],[-76.704528,39.326182],[-76.700303,39.326845],[-76.699848,39.327672],[-76.698795,39.327534],[-76.695647,39.328258],[-76.696512,39.326565],[-76.694086,39.324722],[-76.690198,39.323552],[-76.700020,39.320302],[-76.70177,39.319596],[-76.704518,39.322022],[-76.708393,39.321804],[-76.711493,39.320804],[-76.711393,39.322005],[-76.709808,39.325147]]]}},{"type":"Feature","properties":{"i":891,"geoid":"245102802003"},"geometry":{"type":"Polygon","coordinates":[[[-76.710722,39.327521],[-76.705617,39.329116],[-76.704238,39.325408],[-76.707572,39.326804],[-76.709808,39.325147],[-76.711393,39.322005],[-76.711393,39.326955],[-76.710722,39.327521]]]}},{"type":"Feature","properties":{"i":892,"geoid":"245102802004"},"geometry":{"type":"Polygon","coordinates":[[[-76.711025,39.336333],[-76.705367,39.334445],[-76.70746,39.330425],[-76.705617,39.329116],[-76.710722,39.327521],[-76.711393,39.326955],[-76.711462,39.334573],[-76.711025,39.336333]]]}},{"type":"Feature","properties":{"i":893,"geoid":"245102802005"},"geometry":{"type":"Polygon","coordinates":[[[-76.705367,39.334445],[-76.703074,39.333731],[-76.704173,39.331642],[-76.701874,39.330927],[-76.699848,39.327672],[-76.700303,39.326845],[-76.704528,39.326182],[-76.705617,39.329116],[-76.70746,39.330425],[-76.705367,39.334445]]]}},{"type":"Feature","properties":{"i":894,"geoid":"245102802006"},"geometry":{"type":"Polygon","coordinates":[[[-76.703074,39.333731],[-76.694259,39.330919],[-76.695647,39.328258],[-76.698795,39.327534],[-76.699848,39.327672],[-76.701874,39.330927],[-76.704173,39.331642],[-76.703074,39.333731]]]}},{"type":"Feature","properties":{"i":895,"geoid":"245102803011"},"geometry":{"type":"Polygon","coordinates":[[[-76.710187,39.305972],[-76.707567,39.310300],[-76.705814,39.309846],[-76.698974,39.309635],[-76.695928,39.308375],[-76.692939,39.309395],[-76.689039,39.307783],[-76.687203,39.305490],[-76.686431,39.305348],[-76.687081,39.304874],[-76.689582,39.305099],[-76.694509,39.304737],[-76.694866,39.302016],[-76.697455,39.301456],[-76.700272,39.301934],[-76.703122,39.299745],[-76.706178,39.299673],[-76.705844,39.302712],[-76.708403,39.303395],[-76.711191,39.302955],[-76.711208,39.304828],[-76.710187,39.305972]]]}},{"type":"Feature","properties":{"i":896,"geoid":"245102803012"},"geometry":{"type":"Polygon","coordinates":[[[-76.708393,39.321804],[-76.704518,39.322022],[-76.70177,39.319596],[-76.703947,39.318581],[-76.705026,39.31782],[-76.705302,39.315371],[-76.707567,39.310300],[-76.710187,39.305972],[-76.711208,39.304828],[-76.711028,39.318916],[-76.711493,39.320804],[-76.708393,39.321804]]]}},{"type":"Feature","properties":{"i":897,"geoid":"245102803013"},"geometry":{"type":"Polygon","coordinates":[[[-76.705302,39.315371],[-76.705026,39.31782],[-76.703947,39.318581],[-76.702565,39.315928],[-76.700037,39.317042],[-76.696924,39.317274],[-76.696412,39.314792],[-76.692676,39.314445],[-76.690004,39.312386],[-76.69036,39.309557],[-76.689039,39.307783],[-76.692939,39.309395],[-76.695928,39.308375],[-76.698974,39.309635],[-76.705814,39.309846],[-76.707567,39.310300],[-76.705302,39.315371]]]}},{"type":"Feature","properties":{"i":898,"geoid":"245102803021"},"geometry":{"type":"Polygon","coordinates":[[[-76.700020,39.320302],[-76.690069,39.323586],[-76.689193,39.322019],[-76.690145,39.320985],[-76.693141,39.318594],[-76.697682,39.319646],[-76.700399,39.319401],[-76.700020,39.320302]]]}},{"type":"Feature","properties":{"i":899,"geoid":"245102803022"},"geometry":{"type":"Polygon","coordinates":[[[-76.703947,39.318581],[-76.700020,39.320302],[-76.700399,39.319401],[-76.697682,39.319646],[-76.693141,39.318594],[-76.690145,39.320985],[-76.687748,39.321439],[-76.688862,39.31903],[-76.688122,39.31795],[-76.687295,39.315496],[-76.686725,39.315368],[-76.685457,39.312767],[-76.690004,39.312386],[-76.692676,39.314445],[-76.696412,39.314792],[-76.696924,39.317274],[-76.700037,39.317042],[-76.702565,39.315928],[-76.703947,39.318581]]]}},{"type":"Feature","properties":{"i":900,"geoid":"245102804011"},"geometry":{"type":"Polygon","coordinates":[[[-76.711191,39.302955],[-76.708403,39.303395],[-76.705844,39.302712],[-76.706178,39.299673],[-76.703122,39.299745],[-76.700272,39.301934],[-76.697455,39.301456],[-76.694866,39.302016],[-76.692406,39.298945],[-76.693512,39.297921],[-76.691572,39.296734],[-76.692248,39.296117],[-76.696985,39.295758],[-76.696613,39.297655],[-76.699299,39.298830],[-76.69942,39.296122],[-76.701588,39.297499],[-76.704332,39.295168],[-76.704428,39.296389],[-76.711255,39.299212],[-76.711191,39.302955]]]}},{"type":"Feature","properties":{"i":901,"geoid":"245102804012"},"geometry":{"type":"Polygon","coordinates":[[[-76.69942,39.296122],[-76.699299,39.298830],[-76.696613,39.297655],[-76.696985,39.295758],[-76.692248,39.296117],[-76.689442,39.294110],[-76.689425,39.293581],[-76.696359,39.293298],[-76.699264,39.292846],[-76.699410,39.293375],[-76.702881,39.296373],[-76.701588,39.297499],[-76.69942,39.296122]]]}},{"type":"Feature","properties":{"i":902,"geoid":"245102804013"},"geometry":{"type":"Polygon","coordinates":[[[-76.705022,39.294807],[-76.704332,39.295168],[-76.702881,39.296373],[-76.699410,39.293375],[-76.699264,39.292846],[-76.708124,39.291882],[-76.707927,39.292474],[-76.705022,39.294807]]]}},{"type":"Feature","properties":{"i":903,"geoid":"245102804014"},"geometry":{"type":"Polygon","coordinates":[[[-76.709795,39.296342],[-76.707875,39.296954],[-76.705022,39.294807],[-76.707927,39.292474],[-76.708124,39.291882],[-76.711195,39.291749],[-76.711393,39.296805],[-76.711255,39.297362],[-76.709795,39.296342]]]}},{"type":"Feature","properties":{"i":904,"geoid":"245102804015"},"geometry":{"type":"Polygon","coordinates":[[[-76.711255,39.299212],[-76.704428,39.296389],[-76.704332,39.295168],[-76.705022,39.294807],[-76.707875,39.296954],[-76.709795,39.296342],[-76.711255,39.297362],[-76.711255,39.299212]]]}},{"type":"Feature","properties":{"i":905,"geoid":"245102804021"},"geometry":{"type":"Polygon","coordinates":[[[-76.689582,39.305099],[-76.689482,39.304434],[-76.690092,39.302306],[-76.688139,39.299172],[-76.686275,39.299217],[-76.685995,39.293711],[-76.689425,39.293581],[-76.689442,39.294110],[-76.692248,39.296117],[-76.691572,39.296734],[-76.693512,39.297921],[-76.692406,39.298945],[-76.694866,39.302016],[-76.694509,39.304737],[-76.689582,39.305099]]]}},{"type":"Feature","properties":{"i":906,"geoid":"245102804031"},"geometry":{"type":"Polygon","coordinates":[[[-76.693892,39.285754],[-76.693817,39.28484],[-76.692931,39.281468],[-76.695717,39.281391],[-76.695692,39.284684],[-76.693892,39.285754]]]}},{"type":"Feature","properties":{"i":907,"geoid":"245102804032"},"geometry":{"type":"Polygon","coordinates":[[[-76.705901,39.285963],[-76.705429,39.286929],[-76.703645,39.28789],[-76.702115,39.286457],[-76.702017,39.288455],[-76.700348,39.287287],[-76.699743,39.289333],[-76.696925,39.286931],[-76.695692,39.284684],[-76.695717,39.281391],[-76.699012,39.281273],[-76.70264,39.280857],[-76.705495,39.280812],[-76.706005,39.283124],[-76.708376,39.284339],[-76.705901,39.285963]]]}},{"type":"Feature","properties":{"i":908,"geoid":"245102804033"},"geometry":{"type":"Polygon","coordinates":[[[-76.70959,39.288465],[-76.705901,39.285963],[-76.708376,39.284339],[-76.706005,39.283124],[-76.705495,39.280812],[-76.706764,39.279696],[-76.711054,39.277889],[-76.711232,39.278797],[-76.711186,39.287394],[-76.70959,39.288465]]]}},{"type":"Feature","properties":{"i":909,"geoid":"245102804034"},"geometry":{"type":"Polygon","coordinates":[[[-76.708124,39.291882],[-76.697993,39.293059],[-76.697204,39.289137],[-76.695944,39.288681],[-76.693892,39.285754],[-76.695692,39.284684],[-76.696925,39.286931],[-76.699743,39.289333],[-76.700348,39.287287],[-76.702017,39.288455],[-76.702115,39.286457],[-76.703645,39.28789],[-76.705429,39.286929],[-76.705901,39.285963],[-76.70959,39.288465],[-76.711186,39.287394],[-76.711015,39.289603],[-76.711195,39.291749],[-76.708124,39.291882]]]}},{"type":"Feature","properties":{"i":910,"geoid":"245102804041"},"geometry":{"type":"Polygon","coordinates":[[[-76.693257,39.287514],[-76.690631,39.288631],[-76.69194,39.29016],[-76.688925,39.288203],[-76.686776,39.287228],[-76.686706,39.281656],[-76.692931,39.281468],[-76.693817,39.28484],[-76.693892,39.285754],[-76.693257,39.287514]]]}},{"type":"Feature","properties":{"i":911,"geoid":"245102804042"},"geometry":{"type":"Polygon","coordinates":[[[-76.696359,39.293298],[-76.689425,39.293581],[-76.688925,39.288203],[-76.69194,39.29016],[-76.690631,39.288631],[-76.693257,39.287514],[-76.693892,39.285754],[-76.695944,39.288681],[-76.697204,39.289137],[-76.697993,39.293059],[-76.696359,39.293298]]]}},{"type":"Feature","properties":{"i":912,"geoid":"245102805001"},"geometry":{"type":"Polygon","coordinates":[[[-76.600074,39.298171],[-76.594408,39.298372],[-76.594117,39.293967],[-76.594816,39.293948],[-76.599687,39.292536],[-76.600074,39.298171]]]}},{"type":"Feature","properties":{"i":913,"geoid":"245102805002"},"geometry":{"type":"Polygon","coordinates":[[[-76.611313,39.297707],[-76.604056,39.298001],[-76.60585,39.295049],[-76.603811,39.293272],[-76.603006,39.291640],[-76.606429,39.290711],[-76.610541,39.293471],[-76.611007,39.294532],[-76.611313,39.297707]]]}},{"type":"Feature","properties":{"i":914,"geoid":"245102805003"},"geometry":{"type":"Polygon","coordinates":[[[-76.604056,39.298001],[-76.600074,39.298171],[-76.599834,39.294917],[-76.60553,39.294732],[-76.60585,39.295049],[-76.604056,39.298001]]]}},{"type":"Feature","properties":{"i":915,"geoid":"245102805004"},"geometry":{"type":"Polygon","coordinates":[[[-76.60553,39.294732],[-76.599834,39.294917],[-76.599687,39.292536],[-76.603006,39.291640],[-76.603811,39.293272],[-76.60553,39.294732]]]}},{"type":"Feature","properties":{"i":916,"geoid":"245102806001"},"geometry":{"type":"Polygon","coordinates":[[[-76.632366,39.293432],[-76.630886,39.292599],[-76.628909,39.288992],[-76.63381,39.288765],[-76.634053,39.293356],[-76.632366,39.293432]]]}},{"type":"Feature","properties":{"i":917,"geoid":"245102806002"},"geometry":{"type":"Polygon","coordinates":[[[-76.634132,39.294354],[-76.627688,39.29463],[-76.627503,39.290127],[-76.627766,39.288974],[-76.628909,39.288992],[-76.630886,39.292599],[-76.632366,39.293432],[-76.634053,39.293356],[-76.634132,39.294354]]]}},{"type":"Feature","properties":{"i":918,"geoid":"245102806003"},"geometry":{"type":"Polygon","coordinates":[[[-76.638462,39.294188],[-76.634132,39.294354],[-76.63381,39.288765],[-76.638166,39.288566],[-76.638462,39.294188]]]}}]}
